time,value,error,variable
0,28.77927,3.8297099999999995,O₂
0.16666999999999998,31.721509999999995,2.74224,O₂
0.33332999999999996,33.74685,2.8092999999999995,O₂
0.5,34.60947,3.15809,O₂
0.6666699999999999,34.08463999999999,2.8361199999999998,O₂
0.83333,34.655530000000006,3.16673,O₂
1,34.619240000000005,2.75479,O₂
1.16667,34.401489999999995,3.0305,O₂
1.3333299999999997,33.813849999999995,2.62469,O₂
1.5,34.39312,2.8853,O₂
1.66667,34.80349,3.12271,O₂
1.8333299999999997,34.18095,3.2565599999999995,O₂
2,33.3979,2.8488099999999994,O₂
2.1666699999999994,33.53887,2.8908899999999997,O₂
2.33333,32.59111000000001,3.1346499999999997,O₂
2.5,33.007059999999996,2.8710999999999998,O₂
2.6666699999999994,32.50596,2.8622299999999994,O₂
2.83333,32.27984,2.75854,O₂
3,31.90715,2.84037,O₂
3.1666699999999994,32.24774,2.8646799999999994,O₂
3.33333,31.612639999999995,2.9623999999999997,O₂
3.5,31.968569999999996,2.62882,O₂
3.6666699999999994,32.14584,3.0186099999999993,O₂
3.83333,31.8262,2.52971,O₂
4,31.57076,2.9063999999999997,O₂
4.16667,32.21703,3.1421,O₂
4.33333,31.789909999999995,3.04017,O₂
4.5,31.73966,2.983,O₂
4.66667,31.491199999999996,2.8032599999999994,O₂
4.83333,31.43118,2.80754,O₂
5,31.76477999999999,2.54036,O₂
5.01667,31.74105,2.7352099999999995,O₂
5.03333,31.456299999999995,2.59715,O₂
5.05,30.31591,2.8488099999999994,O₂
5.06667,28.49994999999999,3.0387999999999997,O₂
5.08333,26.74958,3.1647200000000004,O₂
5.1,24.505099999999995,3.12941,O₂
5.11667,23.21815,3.0154699999999997,O₂
5.13333,21.15931,2.8692099999999994,O₂
5.1499999999999995,20.192,3.0934499999999994,O₂
5.16667,18.57703,3.35779,O₂
5.18333,18.05918,3.10066,O₂
5.35,12.99094,3.57094,O₂
5.51667,13.430620000000001,3.18216,O₂
5.68333,13.540890000000001,3.0388099999999993,O₂
5.85,13.02304,3.50613,O₂
6.01667,12.62663,3.6235,O₂
6.18333,13.607890000000001,3.55119,O₂
6.35,12.989540000000002,3.1368699999999996,O₂
6.51667,13.372000000000002,3.6068199999999995,O₂
6.68333,13.19613,3.63192,O₂
6.85,13.358040000000003,2.9517999999999995,O₂
7.01667,13.302210000000002,3.03339,O₂
7.18333,13.860540000000002,3.0896499999999993,O₂
7.35,13.49902,2.96457,O₂
7.51667,13.896830000000001,2.94437,O₂
7.68333,14.109,3.3203499999999995,O₂
7.85,14.162040000000003,3.3960899999999996,O₂
8.016670000000001,14.145290000000001,3.1359599999999994,O₂
8.18333,13.86891,3.3419399999999997,O₂
8.350000000000001,14.048969999999999,3.3794099999999996,O₂
8.516670000000001,13.92195,3.04614,O₂
8.68333,13.874500000000003,3.0186599999999997,O₂
8.850000000000001,14.1425,3.25792,O₂
9.016670000000001,13.560440000000002,3.1761999999999997,O₂
9.18333,14.14668,2.9372199999999995,O₂
9.350000000000001,14.3742,3.52551,O₂
9.516670000000001,14.276490000000003,3.17315,O₂
9.68333,13.965230000000002,2.9594699999999996,O₂
9.850000000000001,14.455160000000003,3.15458,O₂
10.01667,14.866930000000002,3.1001900000000004,O₂
10.18333,14.584969999999998,3.44361,O₂
10.350000000000001,14.3407,3.02787,O₂
10.51667,14.305810000000003,2.82018,O₂
10.68333,14.43562,3.04897,O₂
10.850000000000001,14.565430000000003,2.82038,O₂
11.01667,14.59893,2.79755,O₂
11.18333,14.38537,2.77943,O₂
11.350000000000001,14.624049999999999,3.26288,O₂
11.51667,14.942300000000001,3.21817,O₂
11.68333,14.79049,3.59558,O₂
11.850000000000001,13.164900000000001,3.1792199999999995,O₂
12.01667,13.67287,3.6879700000000004,O₂
12.18333,14.68069,4.040509999999999,O₂
12.350000000000001,13.374740000000003,2.9554899999999997,O₂
12.51667,13.302210000000002,3.03339,O₂
12.68333,13.84252,3.08563,O₂
12.850000000000001,13.33676,2.92893,O₂
13.01667,13.723949999999999,2.90774,O₂
13.18333,13.89115,3.26908,O₂
13.350000000000001,13.885810000000003,3.3298499999999995,O₂
13.51667,13.788089999999999,3.0567699999999998,O₂
13.68333,13.438989999999999,3.23834,O₂
13.850000000000001,13.532730000000003,3.25523,O₂
14.01667,13.33036,2.9166999999999996,O₂
14.18333,13.20518,2.8730399999999996,O₂
14.350000000000001,13.37897,3.08203,O₂
14.51667,12.750400000000003,2.9864699999999997,O₂
14.68333,13.22032,2.74489,O₂
14.850000000000001,13.350330000000001,3.27439,O₂
15.01667,13.17754,2.92889,O₂
15.18333,12.80997,2.7146499999999993,O₂
15.350000000000001,13.17629,2.8754899999999997,O₂
15.51667,13.466190000000003,2.8081,O₂
15.68333,13.12698,3.09937,O₂
15.850000000000001,12.82471,2.7077900000000006,O₂
16.01667,12.711279999999999,2.5058399999999996,O₂
16.18333,12.743659999999998,2.6916099999999994,O₂
16.35,12.77455,2.4736,O₂
16.51667,12.720019999999998,2.4375,O₂
16.68333,12.451270000000001,2.4057399999999998,O₂
16.85,12.57382,2.8054399999999995,O₂
17.01667,12.76157,2.7485,O₂
17.033329999999996,13.90332,3.58602,O₂
17.06666999999999,13.564160000000001,3.37379,O₂
17.1,13.828359999999998,2.9616599999999997,O₂
17.13333,16.39422,3.5572599999999994,O₂
17.16667,18.800329999999995,3.4266099999999997,O₂
17.33333,26.984539999999992,3.11797,O₂
17.5,32.53161,3.1503,O₂
17.66667,34.57643,2.97078,O₂
17.83333,35.16506000000001,3.0254599999999994,O₂
18,35.02374000000001,2.7224399999999997,O₂
18.16667,35.650459999999995,3.0917699999999995,O₂
18.33333,36.15552,2.9657,O₂
18.5,36.585620000000006,3.07118,O₂
18.66667,36.4996,2.6809,O₂
18.83333,36.61265,2.6262699999999994,O₂
19,37.15581,2.71469,O₂
19.16667,37.48146,2.8363399999999994,O₂
19.33333,37.186530000000005,2.76541,O₂
19.5,37.069790000000005,2.94077,O₂
19.66667,37.52570000000001,2.9588199999999993,O₂
19.83333,37.410180000000004,2.9319099999999993,O₂
20,37.36349,2.8616199999999994,O₂
20.16667,37.828,2.6700699999999995,O₂
20.33333,38.102030000000006,2.57978,O₂
20.5,37.873459999999994,2.8766499999999993,O₂
20.66667,37.86117,2.8482099999999995,O₂
20.83333,37.81325,2.4738699999999993,O₂
21,38.43874,2.22681,O₂
21.16667,38.50264,2.8345099999999994,O₂
21.33333,38.16593000000001,2.48433,O₂
21.5,38.310939999999995,2.6117599999999994,O₂
21.66667,38.59358,2.7477100000000005,O₂
21.83333,38.42645,2.64698,O₂
22,38.66608,2.6966199999999994,O₂
22.16667,38.335510000000006,2.7254,O₂
22.33333,38.14258,2.9662699999999997,O₂
22.5,38.72506000000001,2.54421,O₂
22.66667,38.9266,2.5382099999999994,O₂
22.83333,38.362550000000006,2.20485,O₂
23,38.47929,2.57829,O₂
23.16667,39.84455,2.4355799999999994,O₂
23.33333,40.00676,2.496059999999999,O₂
23.5,40.21813000000001,2.177,O₂
23.66667,40.4,2.06677,O₂
23.83333,40.06452,2.3612099999999994,O₂
24,40.82027,2.332679999999999,O₂
0,20.847799999999996,NA,Eh
7.91389e-4,4.21887,NA,Eh
0.10826000000000002,-6.067579999999999,NA,Eh
0.12493000000000001,-13.828959999999999,NA,Eh
0.14159,-20.26126,NA,Eh
0.15826000000000004,-26.879650000000005,NA,Eh
0.17493000000000003,-34.44059,NA,Eh
0.19159,-42.464110000000005,NA,Eh
0.20826000000000003,-51.03416,NA,Eh
0.22493,-59.78045,NA,Eh
0.2416,-68.5934,NA,Eh
0.25826000000000005,-77.56302,NA,Eh
0.27493,-86.37769,NA,Eh
0.2916000000000001,-94.76089,NA,Eh
0.30826,-102.53376,NA,Eh
0.32493,-109.62903999999999,NA,Eh
0.34159999999999996,-116.14462000000002,NA,Eh
0.35825999999999997,-122.12005,NA,Eh
0.37494,-127.57222,NA,Eh
0.3916,-132.56871,NA,Eh
0.40827,-137.15548,NA,Eh
0.42494000000000004,-141.40461,NA,Eh
0.44161,-145.33537,NA,Eh
0.45827,-148.97455999999997,NA,Eh
0.47494000000000003,-152.35217000000003,NA,Eh
0.49161000000000005,-155.49236000000002,NA,Eh
0.5082799999999998,-160.46642000000003,NA,Eh
0.52494,-165.03865000000002,NA,Eh
0.54161,-169.45815000000005,NA,Eh
0.55828,-173.69802,NA,Eh
0.5749400000000001,-177.79699,NA,Eh
0.59161,-181.79895000000002,NA,Eh
0.6082799999999999,-185.69538,NA,Eh
0.62495,-189.50945000000002,NA,Eh
0.64161,-193.24363999999997,NA,Eh
0.65828,-196.89529000000002,NA,Eh
0.6749499999999999,-200.27192,NA,Eh
0.69162,-203.48975000000002,NA,Eh
0.7082899999999999,-206.5654,NA,Eh
0.72495,-209.45797000000002,NA,Eh
0.7416199999999998,-212.14453999999998,NA,Eh
0.75829,-214.63371999999998,NA,Eh
0.77496,-216.93153,NA,Eh
0.7916199999999999,-219.05429,NA,Eh
0.8082899999999998,-220.99474999999998,NA,Eh
0.82496,-222.76676999999998,NA,Eh
0.8416200000000001,-224.36003000000002,NA,Eh
0.8582900000000001,-225.76166999999998,NA,Eh
0.8749600000000001,-226.97609,NA,Eh
0.89163,-228.04616,NA,Eh
0.90829,-228.97923,NA,Eh
0.92496,-229.79900999999998,NA,Eh
0.9416300000000001,-230.53346,NA,Eh
0.95829,-231.19882,NA,Eh
0.97497,-231.79071,NA,Eh
0.99163,-232.34867,NA,Eh
1.0083,-232.85820000000004,NA,Eh
1.0249699999999997,-233.32534000000004,NA,Eh
1.0416399999999997,-233.754,NA,Eh
1.0583,-234.14997999999997,NA,Eh
1.07497,-234.51926999999998,NA,Eh
1.0916399999999997,-234.87154999999998,NA,Eh
1.1083,-235.20173,NA,Eh
1.12497,-235.51172,NA,Eh
1.14164,-235.80620000000002,NA,Eh
1.1583100000000002,-236.08812000000003,NA,Eh
1.17498,-236.32286000000002,NA,Eh
1.19164,-236.55030000000002,NA,Eh
1.2083199999999998,-236.77242,NA,Eh
1.22498,-236.98630000000003,NA,Eh
1.2416499999999997,-237.19449999999998,NA,Eh
1.2583199999999999,-237.39417,NA,Eh
1.27498,-237.58284000000003,NA,Eh
1.29165,-237.76479999999998,NA,Eh
1.30832,-237.9399,NA,Eh
1.32499,-238.10754,NA,Eh
1.34165,-238.26913,NA,Eh
1.35832,-238.42708000000002,NA,Eh
1.37499,-238.57881,NA,Eh
1.39166,-238.7232,NA,Eh
1.4083199999999998,-238.86234000000005,NA,Eh
1.4249899999999998,-238.99579,NA,Eh
1.4416599999999997,-239.13017,NA,Eh
1.4583299999999997,-239.26682,NA,Eh
1.4749999999999999,-239.39886,NA,Eh
1.4916699999999998,-239.52861000000001,NA,Eh
1.50834,-239.65106,NA,Eh
1.52501,-239.76922,NA,Eh
1.5416699999999999,-239.88276000000002,NA,Eh
1.55834,-239.99749000000003,NA,Eh
1.57501,-240.10894000000002,NA,Eh
1.59168,-240.21803,NA,Eh
1.60835,-240.32132000000004,NA,Eh
1.62501,-240.42555000000002,NA,Eh
1.64168,-240.5241,NA,Eh
1.6583500000000002,-240.62071,NA,Eh
1.67502,-240.71465999999995,NA,Eh
1.69169,-240.80431000000002,NA,Eh
1.70835,-240.89115,NA,Eh
1.7250299999999998,-240.97852,NA,Eh
1.7416899999999997,-241.06159,NA,Eh
1.75836,-241.14266999999998,NA,Eh
1.7750299999999999,-241.21841,NA,Eh
1.7916999999999998,-241.29423,NA,Eh
1.80837,-241.36684000000002,NA,Eh
1.82504,-241.43855000000002,NA,Eh
1.84171,-241.5101,NA,Eh
1.85837,-241.58040000000003,NA,Eh
1.87504,-241.65029,NA,Eh
1.89171,-241.71818,NA,Eh
1.90838,-241.78449999999998,NA,Eh
1.9250399999999999,-241.85049000000004,NA,Eh
1.9417099999999998,-241.91464,NA,Eh
1.95838,-241.98071000000002,NA,Eh
1.97505,-242.04595999999998,NA,Eh
1.9917199999999997,-242.11204,NA,Eh
2.00839,-242.17772,NA,Eh
2.0250499999999994,-242.27627999999999,NA,Eh
2.04172,-242.36136000000002,NA,Eh
2.05839,-242.43518,NA,Eh
2.0750599999999997,-242.50851,NA,Eh
2.09173,-242.5776,NA,Eh
2.1084,-242.64455999999996,NA,Eh
2.1250599999999995,-242.71257999999997,NA,Eh
2.14173,-242.78164999999998,NA,Eh
2.1584,-242.85002000000003,NA,Eh
2.1750699999999994,-242.92039000000003,NA,Eh
2.19174,-242.99318,NA,Eh
2.20841,-243.06909,NA,Eh
2.22507,-243.1443,NA,Eh
2.24174,-243.22186,NA,Eh
2.25841,-243.29937999999999,NA,Eh
2.27508,-243.37858,NA,Eh
2.29175,-243.45149000000004,NA,Eh
2.3084199999999995,-243.51823000000002,NA,Eh
2.3250799999999994,-243.5833,NA,Eh
2.3417499999999998,-243.64601,NA,Eh
2.3584199999999997,-243.70892,NA,Eh
2.3750899999999997,-243.76981999999998,NA,Eh
2.3917599999999997,-243.82907,NA,Eh
2.40842,-243.88435,NA,Eh
2.42509,-243.94117,NA,Eh
2.4417599999999995,-243.99674000000002,NA,Eh
2.4584299999999994,-244.05271000000002,NA,Eh
2.4750899999999993,-244.10706,NA,Eh
2.4917699999999994,-244.16230000000002,NA,Eh
2.50844,-244.21617999999998,NA,Eh
2.5251,-244.27078999999998,NA,Eh
2.54177,-244.32750000000004,NA,Eh
2.5584499999999997,-244.38309,NA,Eh
2.57512,-244.43943000000002,NA,Eh
2.59179,-244.49269,NA,Eh
2.6084499999999995,-244.5489,NA,Eh
2.6251300000000004,-244.60528,NA,Eh
2.64179,-244.65890000000002,NA,Eh
2.6584599999999994,-244.71138,NA,Eh
2.67513,-244.76524,NA,Eh
2.69179,-244.81695000000002,NA,Eh
2.70846,-244.86832000000004,NA,Eh
2.7251300000000005,-244.91752,NA,Eh
2.7418,-244.96815,NA,Eh
2.75847,-245.01650999999998,NA,Eh
2.77514,-245.06474999999998,NA,Eh
2.7918099999999995,-245.11199,NA,Eh
2.8084699999999994,-245.16154999999998,NA,Eh
2.8251399999999998,-245.20887,NA,Eh
2.8418099999999997,-245.25468999999998,NA,Eh
2.8584799999999997,-245.29941,NA,Eh
2.8751399999999996,-245.34427,NA,Eh
2.8918099999999995,-245.38770000000002,NA,Eh
2.90848,-245.43105,NA,Eh
2.9251499999999995,-245.47018,NA,Eh
2.9418099999999994,-245.51273,NA,Eh
2.9584799999999998,-245.55609,NA,Eh
2.9751499999999997,-245.59772,NA,Eh
2.9918199999999997,-245.63693,NA,Eh
3.00848,-245.67873,NA,Eh
3.02515,-245.71893,NA,Eh
3.04182,-245.75622,NA,Eh
3.0584899999999995,-245.78934,NA,Eh
3.0751499999999994,-245.82502000000002,NA,Eh
3.0918199999999993,-245.85660000000001,NA,Eh
3.10849,-245.88746000000003,NA,Eh
3.12516,-245.91779,NA,Eh
3.14182,-245.95129000000003,NA,Eh
3.15849,-245.98287000000002,NA,Eh
3.17516,-246.01491,NA,Eh
3.1918199999999994,-246.04716,NA,Eh
3.20849,-246.08181000000002,NA,Eh
3.22516,-246.11478999999997,NA,Eh
3.24182,-246.14853,NA,Eh
3.25849,-246.18275,NA,Eh
3.27516,-246.21732,NA,Eh
3.29183,-246.25038,NA,Eh
3.3084899999999995,-246.28295,NA,Eh
3.3251599999999994,-246.31564999999998,NA,Eh
3.3418299999999994,-246.35105000000004,NA,Eh
3.3584899999999998,-246.38563000000002,NA,Eh
3.3751599999999997,-246.41862,NA,Eh
3.3918299999999997,-246.45081000000002,NA,Eh
3.4085,-246.48539000000002,NA,Eh
3.42516,-246.51734000000002,NA,Eh
3.4418299999999995,-246.55195,NA,Eh
3.4584999999999995,-246.58656,NA,Eh
3.4751699999999994,-246.622,NA,Eh
3.4918399999999994,-246.65494999999999,NA,Eh
3.50851,-246.68872000000002,NA,Eh
3.52517,-246.72232000000002,NA,Eh
3.5418399999999997,-246.75808,NA,Eh
3.55851,-246.79258,NA,Eh
3.57518,-246.82752000000002,NA,Eh
3.5918399999999995,-246.86187,NA,Eh
3.60851,-246.89977,NA,Eh
3.62518,-246.93394,NA,Eh
3.6418399999999997,-246.96805,NA,Eh
3.65851,-247.00173,NA,Eh
3.67518,-247.0408,NA,Eh
3.6918499999999996,-247.07874999999999,NA,Eh
3.7085200000000005,-247.11824000000001,NA,Eh
3.72518,-247.16122000000001,NA,Eh
3.7418499999999995,-247.20702,NA,Eh
3.75852,-247.25187,NA,Eh
3.77519,-247.29751,NA,Eh
3.7918499999999997,-247.34146,NA,Eh
3.80852,-247.38484000000003,NA,Eh
3.82519,-247.42798000000002,NA,Eh
3.8418499999999995,-247.4699,NA,Eh
3.8585199999999995,-247.51402,NA,Eh
3.8751899999999995,-247.55630000000002,NA,Eh
3.891859999999999,-247.59619,NA,Eh
3.90852,-247.63806,NA,Eh
3.92519,-247.6789,NA,Eh
3.9418599999999997,-247.71978999999996,NA,Eh
3.95853,-247.75965,NA,Eh
3.97519,-247.79896,NA,Eh
3.9918599999999995,-247.8385,NA,Eh
4.0085299999999995,-247.8775,NA,Eh
4.025199999999999,-247.91589,NA,Eh
4.04186,-247.95404000000002,NA,Eh
4.058529999999999,-247.99325000000002,NA,Eh
4.0752,-248.03114000000002,NA,Eh
4.09187,-248.06845,NA,Eh
4.108529999999999,-248.10470999999998,NA,Eh
4.1251999999999995,-248.14069999999998,NA,Eh
4.14187,-248.17718,NA,Eh
4.158529999999999,-248.21320999999998,NA,Eh
4.1752,-248.24829,NA,Eh
4.19187,-248.28279,NA,Eh
4.20854,-248.31843000000003,NA,Eh
4.2252,-248.35354999999998,NA,Eh
4.2418700000000005,-248.38863000000003,NA,Eh
4.25854,-248.42289000000002,NA,Eh
4.2752,-248.45662000000002,NA,Eh
4.29187,-248.48987,NA,Eh
4.308539999999999,-248.51973999999998,NA,Eh
4.325209999999999,-248.55253000000002,NA,Eh
4.34187,-248.58585000000002,NA,Eh
4.358539999999999,-248.61902999999998,NA,Eh
4.37521,-248.65126,NA,Eh
4.39188,-248.68432,NA,Eh
4.40855,-248.71656999999996,NA,Eh
4.42521,-248.74925,NA,Eh
4.44188,-248.78311,NA,Eh
4.45855,-248.81605000000002,NA,Eh
4.475210000000001,-248.85000000000002,NA,Eh
4.49188,-248.88408,NA,Eh
4.50855,-248.91678,NA,Eh
4.52522,-248.94749000000002,NA,Eh
4.54189,-248.97743000000003,NA,Eh
4.558549999999999,-249.00477999999998,NA,Eh
4.57522,-249.02755000000002,NA,Eh
4.59189,-249.05128000000002,NA,Eh
4.608549999999999,-249.07425999999998,NA,Eh
4.625219999999999,-249.09699,NA,Eh
4.64189,-249.12,NA,Eh
4.658549999999999,-249.14479999999998,NA,Eh
4.67523,-249.17041,NA,Eh
4.691889999999999,-249.19659,NA,Eh
4.70856,-249.21845000000002,NA,Eh
4.72523,-249.24378999999996,NA,Eh
4.7419,-249.27194999999998,NA,Eh
4.75856,-249.29817,NA,Eh
4.7752300000000005,-249.32435,NA,Eh
4.7919,-249.35215000000005,NA,Eh
4.80857,-249.37768,NA,Eh
4.82524,-249.40181,NA,Eh
4.8419099999999995,-249.42423000000002,NA,Eh
4.858579999999999,-249.44993,NA,Eh
4.87524,-249.47561,NA,Eh
4.891909999999999,-249.49974,NA,Eh
4.90858,-249.52335000000002,NA,Eh
4.92524,-249.55068,NA,Eh
4.94191,-249.57533,NA,Eh
4.9585799999999995,-249.5991,NA,Eh
4.975250000000001,-249.62105,NA,Eh
4.99191,-249.64396999999997,NA,Eh
5.008579999999999,-249.66592,NA,Eh
5.02525,-249.68956999999997,NA,Eh
5.04192,-249.71088999999998,NA,Eh
5.058579999999999,-249.73372999999998,NA,Eh
5.0752500000000005,-249.75638,NA,Eh
5.09192,-249.77831,NA,Eh
5.1085899999999995,-249.80014000000003,NA,Eh
5.125259999999999,-249.82489,NA,Eh
5.1419299999999994,-249.84709,NA,Eh
5.158589999999999,-249.87038,NA,Eh
5.17526,-249.89008,NA,Eh
5.191929999999999,-249.91351999999998,NA,Eh
5.20859,-249.93712000000002,NA,Eh
5.22526,-249.96097,NA,Eh
5.24193,-249.98159,NA,Eh
5.258589999999999,-250.00313,NA,Eh
5.275260000000001,-250.02331,NA,Eh
5.29193,-250.04182,NA,Eh
5.3086,-250.06061,NA,Eh
5.32526,-250.08139000000003,NA,Eh
5.34193,-250.10174999999998,NA,Eh
5.3586,-250.12229000000002,NA,Eh
5.37526,-250.14284,NA,Eh
5.3919299999999994,-250.16555999999997,NA,Eh
5.4086,-250.18833000000004,NA,Eh
5.42527,-250.20941,NA,Eh
5.44194,-250.22792,NA,Eh
5.4586,-250.24837,NA,Eh
5.475270000000001,-250.26749999999998,NA,Eh
5.49194,-250.2857,NA,Eh
5.50861,-250.30312,NA,Eh
5.52527,-250.32038000000003,NA,Eh
5.54194,-250.33877,NA,Eh
5.55861,-250.35750000000004,NA,Eh
5.57528,-250.37419,NA,Eh
5.59195,-250.39236000000002,NA,Eh
5.60862,-250.40877,NA,Eh
5.625279999999999,-250.42436,NA,Eh
5.64195,-250.44014,NA,Eh
5.65862,-250.45869000000002,NA,Eh
5.67529,-250.47768,NA,Eh
5.691949999999999,-250.4958,NA,Eh
5.70862,-250.51149999999998,NA,Eh
5.72529,-250.52863000000002,NA,Eh
5.74195,-250.54465999999996,NA,Eh
5.75862,-250.55888000000002,NA,Eh
5.775290000000001,-250.57338,NA,Eh
5.79196,-250.59034000000003,NA,Eh
5.80862,-250.60735,NA,Eh
5.825289999999999,-250.62381,NA,Eh
5.84196,-250.64136,NA,Eh
5.85863,-250.65947,NA,Eh
5.87529,-250.67604,NA,Eh
5.89196,-250.69179,NA,Eh
5.9086300000000005,-250.70698,NA,Eh
5.9253,-250.72288,NA,Eh
5.94196,-250.73778,NA,Eh
5.95863,-250.75111,NA,Eh
5.975300000000001,-250.76386999999997,NA,Eh
5.99197,-250.77750999999998,NA,Eh
6.00863,-250.79173,NA,Eh
6.0253,-250.80550000000002,NA,Eh
6.04197,-250.8178,NA,Eh
6.05863,-250.82923000000002,NA,Eh
6.0753,-250.84044000000003,NA,Eh
6.09197,-250.85334000000003,NA,Eh
6.10864,-250.86709000000002,NA,Eh
6.125299999999999,-250.88062000000002,NA,Eh
6.14197,-250.8936,NA,Eh
6.15864,-250.90714000000003,NA,Eh
6.1753,-250.92066,NA,Eh
6.1919699999999995,-250.93484999999998,NA,Eh
6.20864,-250.94957999999997,NA,Eh
6.2253099999999995,-250.96305999999998,NA,Eh
6.24197,-250.97557999999998,NA,Eh
6.25864,-250.98658,NA,Eh
6.27531,-250.9978,NA,Eh
6.29198,-251.00813000000002,NA,Eh
6.30865,-251.01863,NA,Eh
6.325319999999999,-251.02813000000003,NA,Eh
6.3419799999999995,-251.03730000000002,NA,Eh
6.35865,-251.04552999999999,NA,Eh
6.37532,-251.05584000000002,NA,Eh
6.391989999999999,-251.06658,NA,Eh
6.408650000000001,-251.07869,NA,Eh
6.42532,-251.09228000000002,NA,Eh
6.44199,-251.10584,NA,Eh
6.458660000000001,-251.11963999999998,NA,Eh
6.475320000000001,-251.13272,NA,Eh
6.49199,-251.14565,NA,Eh
6.50866,-251.15948,NA,Eh
6.525329999999999,-251.17182,NA,Eh
6.54199,-251.18584,NA,Eh
6.55866,-251.2004,NA,Eh
6.57533,-251.21623,NA,Eh
6.592,-251.23167999999998,NA,Eh
6.60866,-251.24782,NA,Eh
6.625329999999999,-251.26264999999998,NA,Eh
6.6419999999999995,-251.27867999999998,NA,Eh
6.65866,-251.29414999999997,NA,Eh
6.67533,-251.31044000000003,NA,Eh
6.691999999999999,-251.32494000000003,NA,Eh
6.708670000000001,-251.34047,NA,Eh
6.72534,-251.35498,NA,Eh
6.74201,-251.37023000000002,NA,Eh
6.75868,-251.38418000000001,NA,Eh
6.77534,-251.40003000000002,NA,Eh
6.792009999999999,-251.41568999999998,NA,Eh
6.80868,-251.43226,NA,Eh
6.825339999999999,-251.44695000000002,NA,Eh
6.842009999999999,-251.46607,NA,Eh
6.85868,-251.48183000000003,NA,Eh
6.87535,-251.50014000000002,NA,Eh
6.892009999999999,-251.51664999999997,NA,Eh
6.90868,-251.53301,NA,Eh
6.92535,-251.54792,NA,Eh
6.94201,-251.56301,NA,Eh
6.95868,-251.57726,NA,Eh
6.975350000000001,-251.59458999999998,NA,Eh
6.99202,-251.61174999999997,NA,Eh
7.00868,-251.62763,NA,Eh
7.0253499999999995,-251.64074,NA,Eh
7.042019999999999,-251.65318,NA,Eh
7.05869,-251.66303,NA,Eh
7.07536,-251.67336999999998,NA,Eh
7.092029999999999,-251.68311,NA,Eh
7.10869,-251.69615000000002,NA,Eh
7.125359999999999,-251.71059999999997,NA,Eh
7.142029999999999,-251.72659,NA,Eh
7.1587,-251.74281,NA,Eh
7.17536,-251.76273,NA,Eh
7.192029999999999,-251.7803,NA,Eh
7.2087,-251.7961,NA,Eh
7.22536,-251.8091,NA,Eh
7.24204,-251.82292000000004,NA,Eh
7.2587,-251.83462,NA,Eh
7.275370000000001,-251.84444000000002,NA,Eh
7.29204,-251.85266000000001,NA,Eh
7.3087,-251.86519,NA,Eh
7.3253699999999995,-251.87709,NA,Eh
7.342039999999999,-251.88976,NA,Eh
7.358709999999999,-251.89933000000002,NA,Eh
7.37538,-251.91319,NA,Eh
7.392039999999999,-251.9247,NA,Eh
7.40871,-251.93706,NA,Eh
7.42538,-251.94704000000002,NA,Eh
7.44205,-251.96156,NA,Eh
7.45872,-251.97581,NA,Eh
7.475390000000001,-251.99179,NA,Eh
7.49205,-252.00661,NA,Eh
7.50872,-252.02296,NA,Eh
7.525389999999999,-252.03766,NA,Eh
7.54206,-252.04983,NA,Eh
7.55872,-252.05762000000001,NA,Eh
7.57539,-252.06673,NA,Eh
7.59207,-252.07665999999998,NA,Eh
7.6087299999999995,-252.08581,NA,Eh
7.625399999999999,-252.09194000000002,NA,Eh
7.6420699999999995,-252.09816,NA,Eh
7.658739999999999,-252.10316999999998,NA,Eh
7.6754,-252.10933,NA,Eh
7.692069999999999,-252.11138,NA,Eh
7.70874,-252.11688999999998,NA,Eh
7.725409999999999,-252.11932,NA,Eh
7.74207,-252.12275,NA,Eh
7.75875,-252.12806,NA,Eh
7.7754200000000004,-252.1349,NA,Eh
7.7920799999999995,-252.14051999999998,NA,Eh
7.80875,-252.1463,NA,Eh
7.825419999999999,-252.15029,NA,Eh
7.842089999999999,-252.15673,NA,Eh
7.85875,-252.16267,NA,Eh
7.87542,-252.16888,NA,Eh
7.892089999999999,-252.17548,NA,Eh
7.908760000000001,-252.18489,NA,Eh
7.925419999999999,-252.19217,NA,Eh
7.94209,-252.20069999999998,NA,Eh
7.95876,-252.20934999999997,NA,Eh
7.97543,-252.21416999999997,NA,Eh
7.9921,-252.21930999999998,NA,Eh
8.008759999999999,-252.22218,NA,Eh
8.025430000000002,-252.227,NA,Eh
8.042100000000001,-252.23375999999996,NA,Eh
8.05877,-252.24253,NA,Eh
8.075440000000002,-252.25215,NA,Eh
8.0921,-252.26154,NA,Eh
8.10877,-252.27104,NA,Eh
8.125440000000003,-252.28243000000003,NA,Eh
8.142109999999999,-252.29605999999998,NA,Eh
8.15878,-252.30799000000002,NA,Eh
8.175450000000003,-252.31835,NA,Eh
8.192120000000001,-252.32568,NA,Eh
8.20878,-252.33408,NA,Eh
8.22545,-252.34147000000002,NA,Eh
8.242120000000002,-252.34794000000002,NA,Eh
8.258790000000001,-252.35368,NA,Eh
8.27546,-252.36105,NA,Eh
8.292119999999999,-252.36601000000002,NA,Eh
8.30879,-252.3697,NA,Eh
8.325460000000003,-252.37104000000002,NA,Eh
8.342120000000001,-252.37153,NA,Eh
8.35879,-252.37085000000002,NA,Eh
8.375460000000002,-252.36865,NA,Eh
8.392130000000003,-252.36811000000003,NA,Eh
8.408800000000001,-252.37219000000002,NA,Eh
8.425460000000003,-252.37778,NA,Eh
8.44213,-252.38264000000004,NA,Eh
8.4588,-252.38840000000005,NA,Eh
8.475470000000003,-252.3956,NA,Eh
8.492140000000003,-252.40367999999998,NA,Eh
8.508809999999999,-252.41033000000002,NA,Eh
8.52547,-252.4172,NA,Eh
8.542140000000002,-252.42593000000002,NA,Eh
8.558810000000001,-252.43517,NA,Eh
8.575470000000003,-252.44541,NA,Eh
8.59214,-252.45459,NA,Eh
8.608809999999998,-252.46196,NA,Eh
8.625480000000001,-252.46952,NA,Eh
8.642140000000001,-252.47755999999998,NA,Eh
8.658809999999999,-252.48601000000002,NA,Eh
8.675480000000002,-252.4931,NA,Eh
8.69214,-252.49962,NA,Eh
8.70881,-252.50542000000002,NA,Eh
8.725480000000001,-252.51342,NA,Eh
8.742149999999999,-252.52288000000001,NA,Eh
8.758809999999999,-252.53272,NA,Eh
8.7754800000000035,-252.54355999999996,NA,Eh
8.792150000000001,-252.55449000000002,NA,Eh
8.808819999999999,-252.56357999999997,NA,Eh
8.825490000000002,-252.57841000000002,NA,Eh
8.84215,-252.59126,NA,Eh
8.858820000000001,-252.60466999999997,NA,Eh
8.875490000000005,-252.61397999999997,NA,Eh
8.89216,-252.62389,NA,Eh
8.908819999999999,-252.62959999999998,NA,Eh
8.925490000000005,-252.63567999999998,NA,Eh
8.942160000000001,-252.63965,NA,Eh
8.958820000000001,-252.64649999999997,NA,Eh
8.975490000000002,-252.6501,NA,Eh
8.99216,-252.65263000000002,NA,Eh
9.00883,-252.65368999999998,NA,Eh
9.025490000000003,-252.65801000000002,NA,Eh
9.04216,-252.66328,NA,Eh
9.05883,-252.66822000000002,NA,Eh
9.075490000000002,-252.67291,NA,Eh
9.092170000000001,-252.68176,NA,Eh
9.10883,-252.69272,NA,Eh
9.1255,-252.70386999999997,NA,Eh
9.142169999999998,-252.7172,NA,Eh
9.15883,-252.73538,NA,Eh
9.175500000000003,-252.75414,NA,Eh
9.192169999999999,-252.77510999999998,NA,Eh
9.208839999999999,-252.79698,NA,Eh
9.2255,-252.82229000000004,NA,Eh
9.24217,-252.84617,NA,Eh
9.258840000000001,-252.86661,NA,Eh
9.275500000000003,-252.88319,NA,Eh
9.292169999999999,-252.90032000000002,NA,Eh
9.30884,-252.91487999999998,NA,Eh
9.325510000000003,-252.92885,NA,Eh
9.342170000000001,-252.94115000000002,NA,Eh
9.35884,-252.95503000000002,NA,Eh
9.375510000000002,-252.96788,NA,Eh
9.392180000000002,-252.97992,NA,Eh
9.408840000000001,-252.98961,NA,Eh
9.425510000000003,-253.00104000000002,NA,Eh
9.44218,-253.01208,NA,Eh
9.45885,-253.0234,NA,Eh
9.475510000000005,-253.0351,NA,Eh
9.492180000000001,-253.04784999999998,NA,Eh
9.508849999999999,-253.05951,NA,Eh
9.52552,-253.07414,NA,Eh
9.54218,-253.08974999999998,NA,Eh
9.558850000000001,-253.1073,NA,Eh
9.575520000000003,-253.12628,NA,Eh
9.59218,-253.14541,NA,Eh
9.608849999999999,-253.16364,NA,Eh
9.625520000000003,-253.18453,NA,Eh
9.642190000000001,-253.20226,NA,Eh
9.658850000000001,-253.21941999999999,NA,Eh
9.67552,-253.23412,NA,Eh
9.69219,-253.2529,NA,Eh
9.70886,-253.26904,NA,Eh
9.725520000000001,-253.28278,NA,Eh
9.742189999999999,-253.2944,NA,Eh
9.758859999999999,-253.31153,NA,Eh
9.775530000000002,-253.32851000000002,NA,Eh
9.792190000000002,-253.34654,NA,Eh
9.808860000000001,-253.3647,NA,Eh
9.825530000000002,-253.38580000000002,NA,Eh
9.8422,-253.40541000000002,NA,Eh
9.858870000000001,-253.42349000000002,NA,Eh
9.875540000000004,-253.44028,NA,Eh
9.8922,-253.46015,NA,Eh
9.908869999999999,-253.47991,NA,Eh
9.925540000000003,-253.49842000000004,NA,Eh
9.942210000000001,-253.51546,NA,Eh
9.95888,-253.53015000000002,NA,Eh
9.975540000000002,-253.54231000000001,NA,Eh
9.99221,-253.55279000000002,NA,Eh
10.00888,-253.56231000000002,NA,Eh
10.025550000000003,-253.57283,NA,Eh
10.042219999999999,-253.58022000000003,NA,Eh
10.05888,-253.58683000000002,NA,Eh
10.075550000000002,-253.59351999999998,NA,Eh
10.092220000000001,-253.60258,NA,Eh
10.10889,-253.61274999999998,NA,Eh
10.12556,-253.62644000000003,NA,Eh
10.142219999999998,-253.64129,NA,Eh
10.15889,-253.65425000000002,NA,Eh
10.175560000000003,-253.66929,NA,Eh
10.19223,-253.68694000000002,NA,Eh
10.208889999999998,-253.70702,NA,Eh
10.22556,-253.7271,NA,Eh
10.24223,-253.74806999999998,NA,Eh
10.258890000000001,-253.7719,NA,Eh
10.27556,-253.79648,NA,Eh
10.29223,-253.82211000000004,NA,Eh
10.30889,-253.84771,NA,Eh
10.325560000000003,-253.87111000000002,NA,Eh
10.342230000000002,-253.89404000000002,NA,Eh
10.3589,-253.91564,NA,Eh
10.375560000000002,-253.93461,NA,Eh
10.392230000000001,-253.95250000000004,NA,Eh
10.408900000000001,-253.97002,NA,Eh
10.42557,-253.9836,NA,Eh
10.44224,-253.99457999999998,NA,Eh
10.4589,-254.00509,NA,Eh
10.475570000000003,-254.01344,NA,Eh
10.492240000000002,-254.02171,NA,Eh
10.508909999999998,-254.0296,NA,Eh
10.52557,-254.03776,NA,Eh
10.54224,-254.04219,NA,Eh
10.558910000000001,-254.04613,NA,Eh
10.575580000000002,-254.05251,NA,Eh
10.59225,-254.06242000000003,NA,Eh
10.608909999999998,-254.07218,NA,Eh
10.625590000000003,-254.08247000000003,NA,Eh
10.642259999999998,-254.09215,NA,Eh
10.658919999999998,-254.10065999999998,NA,Eh
10.675590000000001,-254.10879,NA,Eh
10.692260000000001,-254.11563999999998,NA,Eh
10.70893,-254.1239,NA,Eh
10.7256,-254.13273,NA,Eh
10.742269999999998,-254.14199,NA,Eh
10.75894,-254.15021000000002,NA,Eh
10.77561,-254.15942,NA,Eh
10.792269999999998,-254.16825,NA,Eh
10.80894,-254.17966999999996,NA,Eh
10.825610000000003,-254.19089,NA,Eh
10.842280000000002,-254.20184999999998,NA,Eh
10.85895,-254.20974999999996,NA,Eh
10.875620000000001,-254.21804999999998,NA,Eh
10.892280000000001,-254.22654999999997,NA,Eh
10.90895,-254.2359,NA,Eh
10.92562,-254.24409999999997,NA,Eh
10.94228,-254.25293000000002,NA,Eh
10.95895,-254.26375,NA,Eh
10.975620000000003,-254.27379999999997,NA,Eh
10.992290000000002,-254.284,NA,Eh
11.008959999999998,-254.30188,NA,Eh
11.02562,-254.31581,NA,Eh
11.042300000000001,-254.32862000000003,NA,Eh
11.05896,-254.34086,NA,Eh
11.075630000000002,-254.35600000000002,NA,Eh
11.0923,-254.36846000000003,NA,Eh
11.108959999999998,-254.37976999999998,NA,Eh
11.125630000000001,-254.38865,NA,Eh
11.1423,-254.39884000000004,NA,Eh
11.158969999999998,-254.40923,NA,Eh
11.175630000000002,-254.42122000000003,NA,Eh
11.192300000000001,-254.43262000000001,NA,Eh
11.208969999999999,-254.44555999999997,NA,Eh
11.225630000000002,-254.45800000000003,NA,Eh
11.242299999999998,-254.46839000000003,NA,Eh
11.258969999999998,-254.47917999999999,NA,Eh
11.275630000000001,-254.49023000000003,NA,Eh
11.292300000000001,-254.49931,NA,Eh
11.308969999999999,-254.50913,NA,Eh
11.325640000000002,-254.51841000000002,NA,Eh
11.342310000000001,-254.53183,NA,Eh
11.358980000000003,-254.54375999999996,NA,Eh
11.375640000000004,-254.55345,NA,Eh
11.39231,-254.56641000000002,NA,Eh
11.40898,-254.58162000000002,NA,Eh
11.425640000000001,-254.59479,NA,Eh
11.44231,-254.60634000000002,NA,Eh
11.45898,-254.61631,NA,Eh
11.475650000000002,-254.62533000000002,NA,Eh
11.49231,-254.63175999999999,NA,Eh
11.50898,-254.63729,NA,Eh
11.525650000000002,-254.64059999999998,NA,Eh
11.54231,-254.64699,NA,Eh
11.55898,-254.64953999999997,NA,Eh
11.575650000000001,-254.65206,NA,Eh
11.59232,-254.65088,NA,Eh
11.60898,-254.65204000000003,NA,Eh
11.62565,-254.6586,NA,Eh
11.642319999999998,-252.37472,NA,Eh
11.65898,-250.76125000000002,NA,Eh
11.675650000000003,-249.48433000000003,NA,Eh
11.692319999999999,-248.44444000000001,NA,Eh
11.708979999999999,-242.68782000000002,NA,Eh
11.72565,-236.0759,NA,Eh
11.74232,-229.48891000000003,NA,Eh
11.75899,-222.87432,NA,Eh
11.77566,-216.24597999999997,NA,Eh
11.792319999999998,-209.60726,NA,Eh
11.80899,-202.92729000000003,NA,Eh
11.825660000000003,-196.19747,NA,Eh
11.84232,-189.42904000000001,NA,Eh
11.85899,-182.64294999999998,NA,Eh
11.875660000000002,-175.80474999999998,NA,Eh
11.892330000000001,-168.9176,NA,Eh
11.909000000000002,-161.99818000000002,NA,Eh
11.925660000000002,-155.0367,NA,Eh
11.94233,-148.03183,NA,Eh
11.959000000000001,-140.96635,NA,Eh
11.975670000000003,-133.85015,NA,Eh
11.992330000000003,-126.68492000000002,NA,Eh
12.009,-119.42973,NA,Eh
12.02567,-112.09920000000001,NA,Eh
12.042340000000001,-104.68248999999999,NA,Eh
12.059010000000002,-97.17727999999998,NA,Eh
12.075670000000002,-89.60889999999999,NA,Eh
12.09234,-81.98211,NA,Eh
12.10901,-74.29466000000001,NA,Eh
12.125680000000001,-66.54009,NA,Eh
12.14234,-58.712770000000006,NA,Eh
12.15901,-50.82318,NA,Eh
12.175680000000002,-42.88913,NA,Eh
12.192350000000001,-34.91817,NA,Eh
12.209010000000001,-26.88815,NA,Eh
12.22569,-18.788439999999994,NA,Eh
12.242349999999998,-10.63018,NA,Eh
12.25902,-2.4427399999999997,NA,Eh
12.275690000000003,5.80977,NA,Eh
12.292359999999999,14.10079,NA,Eh
12.30902,22.435229999999997,NA,Eh
12.325690000000002,30.80009,NA,Eh
12.342360000000001,39.20031000000001,NA,Eh
12.359030000000004,47.63065,NA,Eh
12.375690000000004,56.08779,NA,Eh
12.39236,64.56809,NA,Eh
12.409030000000001,73.06705,NA,Eh
12.425700000000003,81.58513999999998,NA,Eh
12.442369999999999,90.12340999999999,NA,Eh
12.459030000000002,98.68146,NA,Eh
12.475700000000002,107.2703,NA,Eh
12.492370000000001,113.60196000000002,NA,Eh
12.509040000000002,120.62017999999999,NA,Eh
12.52571,127.99410000000002,NA,Eh
12.542369999999998,135.62856,NA,Eh
12.559040000000001,138.56256,NA,Eh
12.575710000000003,140.65526,NA,Eh
12.59237,142.78352999999998,NA,Eh
12.60904,144.90283000000002,NA,Eh
12.62571,147.03220000000002,NA,Eh
12.64238,149.16559999999998,NA,Eh
12.659040000000003,151.27582999999998,NA,Eh
12.67571,153.35809000000003,NA,Eh
12.69238,155.42586,NA,Eh
12.70905,157.49181000000002,NA,Eh
12.72572,159.51063,NA,Eh
12.742389999999999,161.48796000000002,NA,Eh
12.75906,163.44346,NA,Eh
12.775730000000001,165.36938,NA,Eh
12.792400000000002,167.26812,NA,Eh
12.809060000000002,169.12308,NA,Eh
12.825730000000002,170.93763,NA,Eh
12.842400000000001,172.71308999999997,NA,Eh
12.859060000000003,174.41169,NA,Eh
12.875730000000004,176.04968999999997,NA,Eh
12.892400000000002,177.6113,NA,Eh
12.90906,179.08773000000002,NA,Eh
12.925730000000001,180.51475999999997,NA,Eh
12.942400000000001,181.89613000000003,NA,Eh
12.959070000000002,183.22863,NA,Eh
12.975730000000002,184.48684000000003,NA,Eh
12.992400000000002,185.69213000000002,NA,Eh
13.009070000000001,186.84671,NA,Eh
13.025740000000003,187.96924,NA,Eh
13.04241,189.06736,NA,Eh
13.059080000000002,190.11714999999998,NA,Eh
13.075750000000003,191.10555,NA,Eh
13.092410000000003,192.04792,NA,Eh
13.109080000000002,192.96968999999999,NA,Eh
13.12575,193.83876,NA,Eh
13.14241,194.67977999999997,NA,Eh
13.159080000000001,195.48645000000005,NA,Eh
13.175750000000003,196.25324999999998,NA,Eh
13.19242,197.00646,NA,Eh
13.20908,197.74038,NA,Eh
13.22575,198.45146000000003,NA,Eh
13.242420000000001,199.14596999999998,NA,Eh
13.25909,199.82666,NA,Eh
13.27576,200.49611000000002,NA,Eh
13.292430000000001,201.15759,NA,Eh
13.309100000000003,201.80897000000002,NA,Eh
13.32577,202.45048000000003,NA,Eh
13.342430000000002,203.06664999999998,NA,Eh
13.359100000000002,203.6787,NA,Eh
13.375770000000003,204.27888,NA,Eh
13.392440000000004,204.86701000000002,NA,Eh
13.40911,205.44980999999999,NA,Eh
13.42577,206.03062,NA,Eh
13.442440000000001,206.60881,NA,Eh
13.459110000000003,207.17684999999997,NA,Eh
13.475780000000002,207.72627,NA,Eh
13.492440000000002,208.26854999999998,NA,Eh
13.50911,208.7987,NA,Eh
13.525780000000001,209.31446,NA,Eh
13.542440000000003,209.81356999999997,NA,Eh
13.55911,210.30641000000003,NA,Eh
13.575780000000002,210.79653,NA,Eh
13.592450000000003,211.28771,NA,Eh
13.609110000000001,211.77480999999997,NA,Eh
13.625780000000002,212.25724000000002,NA,Eh
13.64245,212.7259,NA,Eh
13.65912,213.18519,NA,Eh
13.675790000000003,213.63835,NA,Eh
13.692450000000003,214.08772000000002,NA,Eh
13.709119999999999,214.5285,NA,Eh
13.72579,214.96257,NA,Eh
13.742460000000001,215.39176,NA,Eh
13.759130000000003,215.82365000000001,NA,Eh
13.775790000000002,216.24573999999998,NA,Eh
13.79246,216.66582,NA,Eh
13.809130000000001,217.08674000000002,NA,Eh
13.825790000000001,217.52528,NA,Eh
13.84247,217.94784,NA,Eh
13.859140000000002,218.36517,NA,Eh
13.875800000000002,218.77787999999998,NA,Eh
13.892470000000003,219.18677,NA,Eh
13.909140000000003,219.58856,NA,Eh
13.925800000000002,219.98844000000005,NA,Eh
13.94247,220.38556,NA,Eh
13.959140000000001,220.78201,NA,Eh
13.975810000000003,221.17079999999999,NA,Eh
13.992470000000003,221.54764999999998,NA,Eh
14.00914,221.92787,NA,Eh
14.02581,222.32633000000004,NA,Eh
14.042480000000001,222.7053,NA,Eh
14.059140000000003,223.07992,NA,Eh
14.075810000000002,223.45308,NA,Eh
14.092480000000002,223.82680000000002,NA,Eh
14.10915,224.19591,NA,Eh
14.125820000000001,224.56304999999998,NA,Eh
14.142480000000003,224.92120000000003,NA,Eh
14.15915,225.27305999999996,NA,Eh
14.17582,225.61192,NA,Eh
14.192480000000002,225.94722000000002,NA,Eh
14.209150000000001,226.27391999999998,NA,Eh
14.22582,226.59514000000001,NA,Eh
14.24249,226.90846000000002,NA,Eh
14.25915,227.21569999999997,NA,Eh
14.27582,227.51501,NA,Eh
14.292490000000003,227.81201000000001,NA,Eh
14.309150000000002,228.10738,NA,Eh
14.32582,228.40576,NA,Eh
14.342490000000002,228.70575,NA,Eh
14.359160000000003,229.0102,NA,Eh
14.375820000000003,229.31483,NA,Eh
14.392490000000002,229.62102000000002,NA,Eh
14.40916,229.92747000000003,NA,Eh
14.425830000000001,230.23477999999997,NA,Eh
14.442490000000003,230.54064,NA,Eh
14.459160000000002,230.84938,NA,Eh
14.475830000000002,231.16162,NA,Eh
14.492500000000001,231.47576999999998,NA,Eh
14.50916,231.78840000000002,NA,Eh
14.525830000000001,232.10173,NA,Eh
14.5425,232.41486999999998,NA,Eh
14.55917,232.7288,NA,Eh
14.575830000000002,233.04097,NA,Eh
14.592500000000003,233.35688000000002,NA,Eh
14.60917,233.67262,NA,Eh
14.62584,233.98933000000002,NA,Eh
14.64251,234.30017,NA,Eh
14.65917,234.60529,NA,Eh
14.675840000000003,234.90262,NA,Eh
14.69251,235.19694,NA,Eh
14.70918,235.48881000000003,NA,Eh
14.72584,235.77739,NA,Eh
14.742510000000001,236.06292000000002,NA,Eh
14.759180000000002,236.34836,NA,Eh
14.77585,236.62832000000003,NA,Eh
14.79252,236.9051,NA,Eh
14.809180000000001,237.17649999999998,NA,Eh
14.825850000000003,237.44307999999998,NA,Eh
14.84252,237.71293,NA,Eh
14.859190000000002,237.97334999999998,NA,Eh
14.875860000000003,238.22794000000002,NA,Eh
14.892530000000004,238.48059,NA,Eh
14.909190000000002,238.73091,NA,Eh
14.92586,238.98132000000004,NA,Eh
14.942530000000001,239.22976999999997,NA,Eh
14.959190000000001,239.47705000000002,NA,Eh
14.975860000000003,239.72561,NA,Eh
14.992530000000002,239.97649,NA,Eh
15.00919,240.23237,NA,Eh
15.02586,240.49108,NA,Eh
15.042530000000001,240.75056999999998,NA,Eh
15.059200000000002,241.01272,NA,Eh
15.07586,241.27576999999997,NA,Eh
15.092530000000002,241.53778,NA,Eh
15.1092,241.79942,NA,Eh
15.12587,242.06179,NA,Eh
15.142530000000002,242.32032000000004,NA,Eh
15.1592,242.57439,NA,Eh
15.17587,242.82588,NA,Eh
15.192540000000003,243.07211,NA,Eh
15.20921,243.31329,NA,Eh
15.22588,243.55014000000003,NA,Eh
15.24254,243.7844,NA,Eh
15.259210000000001,244.01568999999998,NA,Eh
15.275880000000003,244.24510999999998,NA,Eh
15.292540000000002,244.471,NA,Eh
15.30921,244.69235,NA,Eh
15.325880000000002,244.90814000000003,NA,Eh
15.342550000000003,245.12212000000002,NA,Eh
15.359210000000003,245.33298000000002,NA,Eh
15.375880000000002,245.54117,NA,Eh
15.392550000000002,245.74802,NA,Eh
15.40921,245.95372,NA,Eh
15.425880000000001,246.15577,NA,Eh
15.442550000000002,246.35453,NA,Eh
15.45922,246.54773,NA,Eh
15.475890000000001,246.73845,NA,Eh
15.492550000000001,246.92525,NA,Eh
15.509220000000001,247.10999999999999,NA,Eh
15.52589,247.2928,NA,Eh
15.54256,247.47399,NA,Eh
15.55922,247.65553,NA,Eh
15.575890000000003,247.83739000000003,NA,Eh
15.592560000000002,248.017,NA,Eh
15.60923,248.19468999999998,NA,Eh
15.62589,248.37212000000002,NA,Eh
15.64256,248.55169,NA,Eh
15.659230000000003,248.73359999999997,NA,Eh
15.6759,248.92130000000003,NA,Eh
15.69256,249.1087,NA,Eh
15.70923,249.2967,NA,Eh
15.725900000000001,249.48388,NA,Eh
15.74257,249.67063,NA,Eh
15.75924,249.85552,NA,Eh
15.77591,250.03922,NA,Eh
15.79257,250.22164,NA,Eh
15.809240000000003,250.40389,NA,Eh
15.82591,250.58265,NA,Eh
15.84257,250.75975999999997,NA,Eh
15.859240000000002,250.93303,NA,Eh
15.875910000000003,251.10380999999998,NA,Eh
15.892580000000004,251.27142,NA,Eh
15.90924,251.44296,NA,Eh
15.92591,251.6211,NA,Eh
15.942580000000001,251.79934,NA,Eh
15.959250000000003,251.9772,NA,Eh
15.97592,252.15561,NA,Eh
15.992590000000002,252.33425,NA,Eh
16.00926,252.51591,NA,Eh
16.025919999999996,252.6948,NA,Eh
16.042589999999997,252.87314999999998,NA,Eh
16.059259999999995,253.04985999999997,NA,Eh
16.07593,253.22561,NA,Eh
16.092599999999997,253.40141000000003,NA,Eh
16.10927,253.57688,NA,Eh
16.12594,253.75254,NA,Eh
16.142609999999998,253.92649000000003,NA,Eh
16.15928,254.10067999999998,NA,Eh
16.17594,254.27714,NA,Eh
16.19260999999999,254.45205,NA,Eh
16.20928,254.62889,NA,Eh
16.22595,254.80826000000002,NA,Eh
16.24261999999999,254.98799000000002,NA,Eh
16.25928,255.16804000000002,NA,Eh
16.275950000000005,255.34858,NA,Eh
16.292619999999992,255.52442000000002,NA,Eh
16.30928,255.70319999999998,NA,Eh
16.325949999999995,255.88081000000003,NA,Eh
16.342619999999997,256.05662,NA,Eh
16.35929,256.23242999999997,NA,Eh
16.375950000000003,256.40564,NA,Eh
16.392619999999997,256.58015999999986,NA,Eh
16.409289999999995,256.75027,NA,Eh
16.42596,256.91795999999994,NA,Eh
16.442629999999994,257.08574999999996,NA,Eh
16.459299999999995,257.2518800000001,NA,Eh
16.47596,257.41626999999994,NA,Eh
16.492629999999988,257.5757899999999,NA,Eh
16.5093,257.73397999999986,NA,Eh
16.52597,257.88911999999993,NA,Eh
16.542629999999992,258.04425,NA,Eh
16.55931,258.19597,NA,Eh
16.575970000000005,258.34869,NA,Eh
16.592639999999992,258.50211999999993,NA,Eh
16.60931,258.65621,NA,Eh
16.625979999999995,258.80754,NA,Eh
16.642639999999997,258.96008,NA,Eh
16.65931,259.1113899999999,NA,Eh
16.67598,259.26259,NA,Eh
16.69265,259.41069,NA,Eh
16.70932,259.55851999999993,NA,Eh
16.72598,259.70680999999996,NA,Eh
16.742649999999998,259.85622,NA,Eh
16.759319999999995,260.0007499999999,NA,Eh
16.77599,260.14049000000006,NA,Eh
16.792659999999998,260.2838699999999,NA,Eh
16.80932,260.42732999999987,NA,Eh
16.82599,260.56721,NA,Eh
16.842659999999995,260.70756,NA,Eh
16.85933,260.84364,NA,Eh
16.875990000000005,260.97833999999995,NA,Eh
16.892659999999996,261.1091,NA,Eh
16.909329999999997,261.23978,NA,Eh
16.925989999999995,261.3691799999999,NA,Eh
16.942659999999997,261.49693999999994,NA,Eh
16.959329999999998,261.62453,NA,Eh
16.975999999999996,261.74935,NA,Eh
16.992669999999997,261.8755499999999,NA,Eh
17.009329999999995,261.99827999999997,NA,Eh
17.026,262.11787,NA,Eh
17.042669999999998,262.23638999999986,NA,Eh
17.059339999999995,262.3513699999999,NA,Eh
17.076,262.46294,NA,Eh
17.09266999999999,262.57352999999995,NA,Eh
17.10934,262.68439,NA,Eh
17.126,262.79299999999995,NA,Eh
17.142669999999995,262.90178999999995,NA,Eh
17.15934,263.01253,NA,Eh
17.176010000000005,263.1188599999999,NA,Eh
17.19267,263.23161999999996,NA,Eh
17.209339999999997,263.34028000000006,NA,Eh
17.226009999999995,263.45398,NA,Eh
17.242679999999996,263.56805,NA,Eh
17.25934,263.6857,NA,Eh
17.276009999999996,263.80081,NA,Eh
17.292679999999997,263.91732999999994,NA,Eh
17.30934999999999,264.03187,NA,Eh
17.32602,264.14972000000006,NA,Eh
17.342679999999998,264.2736499999999,NA,Eh
17.359349999999996,264.40107999999987,NA,Eh
17.37602,264.52267,NA,Eh
17.39269,264.64169,NA,Eh
17.40935,264.7616699999999,NA,Eh
17.426019999999998,264.8823699999999,NA,Eh
17.442689999999992,265.00412,NA,Eh
17.45936,265.1240399999999,NA,Eh
17.47601999999999,265.24417,NA,Eh
17.492689999999996,265.3601499999999,NA,Eh
17.50936,265.47607999999997,NA,Eh
17.526019999999995,265.58918,NA,Eh
17.542689999999997,265.7042599999999,NA,Eh
17.559360000000005,265.81909,NA,Eh
17.576029999999996,265.9331599999999,NA,Eh
17.592689999999997,266.04566000000005,NA,Eh
17.60936,266.15435,NA,Eh
17.62603,266.2586099999999,NA,Eh
17.642699999999998,266.3632999999999,NA,Eh
17.65937,266.46373999999986,NA,Eh
17.67603,266.56499,NA,Eh
17.692699999999995,266.6679199999999,NA,Eh
17.70937,266.77377999999993,NA,Eh
17.726039999999998,266.88105999999993,NA,Eh
17.742699999999992,266.98868999999996,NA,Eh
17.75937,267.09414999999996,NA,Eh
17.77603999999999,267.2006099999999,NA,Eh
17.792699999999996,267.3077599999999,NA,Eh
17.80937,267.41278,NA,Eh
17.826039999999995,267.52070999999995,NA,Eh
17.842709999999997,267.63098,NA,Eh
17.859369999999995,267.74408000000005,NA,Eh
17.87604,267.86336,NA,Eh
17.892709999999997,267.98602999999997,NA,Eh
17.909379999999995,268.11933,NA,Eh
17.926039999999997,268.25759,NA,Eh
17.942709999999998,268.39754999999997,NA,Eh
17.959379999999996,268.53894999999994,NA,Eh
17.97605,268.68612999999993,NA,Eh
17.99270999999999,268.83751999999987,NA,Eh
18.00938,268.98726999999997,NA,Eh
18.02605,269.14683,NA,Eh
18.042719999999992,269.308,NA,Eh
18.05938,269.47349999999994,NA,Eh
18.076049999999995,269.63832999999994,NA,Eh
18.092719999999996,269.80239,NA,Eh
18.10939,269.96514999999994,NA,Eh
18.126049999999996,270.1290399999999,NA,Eh
18.142719999999997,270.29249999999996,NA,Eh
18.159389999999995,270.45477,NA,Eh
18.176050000000004,270.61261,NA,Eh
18.192719999999998,270.76148,NA,Eh
18.209389999999996,270.8988499999999,NA,Eh
18.22606,271.03804999999994,NA,Eh
18.242729999999998,271.17632999999995,NA,Eh
18.259399999999996,271.31228,NA,Eh
18.27606,271.44426,NA,Eh
18.29272999999999,271.57313999999997,NA,Eh
18.3094,271.7004099999999,NA,Eh
18.32607,271.83145999999994,NA,Eh
18.342729999999996,271.96379999999994,NA,Eh
18.3594,272.09273999999994,NA,Eh
18.37607,272.22313999999994,NA,Eh
18.392739999999996,272.35453,NA,Eh
18.409409999999998,272.48221999999987,NA,Eh
18.426069999999996,272.61203,NA,Eh
18.442739999999993,272.7422399999999,NA,Eh
18.45940999999999,272.87513999999993,NA,Eh
18.47608,273.01122999999995,NA,Eh
18.492749999999997,273.1420600000001,NA,Eh
18.509409999999995,273.27702999999997,NA,Eh
18.52608,273.41469,NA,Eh
18.54275,273.54721,NA,Eh
18.559419999999996,273.6784,NA,Eh
18.57608,273.81201,NA,Eh
18.59275999999999,273.9469,NA,Eh
18.60942,274.08459,NA,Eh
18.62609,274.22595999999993,NA,Eh
18.642759999999996,274.3638000000001,NA,Eh
18.65943,274.5050299999999,NA,Eh
18.67609,274.6412399999999,NA,Eh
18.69276,274.77619999999996,NA,Eh
18.709429999999998,274.9090299999999,NA,Eh
18.726099999999995,275.03572999999994,NA,Eh
18.742759999999997,275.16282000000007,NA,Eh
18.75942999999999,275.27944,NA,Eh
18.7761,275.3930899999999,NA,Eh
18.792769999999997,275.50297,NA,Eh
18.809439999999995,275.6086,NA,Eh
18.8261,275.71631999999994,NA,Eh
18.84277,275.82252,NA,Eh
18.859439999999996,275.92892999999987,NA,Eh
18.87611,276.02871999999996,NA,Eh
18.89277999999999,276.12203,NA,Eh
18.90945,276.2129699999999,NA,Eh
18.926109999999998,276.30165,NA,Eh
18.942779999999992,276.39292,NA,Eh
18.95945,276.48469,NA,Eh
18.97612,276.58133999999995,NA,Eh
18.992789999999992,276.68004,NA,Eh
19.00946,276.7831099999999,NA,Eh
19.026119999999995,276.88936,NA,Eh
19.042789999999997,277.00342,NA,Eh
19.05946,277.12385,NA,Eh
19.076129999999996,277.24489000000005,NA,Eh
19.092789999999997,277.3730699999999,NA,Eh
19.10946,277.5089899999999,NA,Eh
19.12613,277.64847,NA,Eh
19.1428,277.7791,NA,Eh
19.15947,277.9146,NA,Eh
19.17614,278.05201,NA,Eh
19.19279999999999,278.19,NA,Eh
19.20947,278.33324999999996,NA,Eh
19.226139999999997,278.47490999999997,NA,Eh
19.242809999999995,278.6154599999999,NA,Eh
19.25948,278.75887,NA,Eh
19.27615,278.90158999999994,NA,Eh
19.292809999999996,279.04339,NA,Eh
19.30948,279.1857099999999,NA,Eh
19.32614999999999,279.32373999999993,NA,Eh
19.34282,279.46516999999994,NA,Eh
19.35948,279.60426000000007,NA,Eh
19.376149999999996,279.73985,NA,Eh
19.39282,279.87662,NA,Eh
19.409479999999995,280.0145099999999,NA,Eh
19.42615,280.14661,NA,Eh
19.442819999999998,280.27875999999986,NA,Eh
19.459489999999995,280.40912999999995,NA,Eh
19.47615,280.53609999999986,NA,Eh
19.492829999999998,280.66411,NA,Eh
19.50949,280.79246,NA,Eh
19.52616,280.92187999999993,NA,Eh
19.542829999999995,281.05029,NA,Eh
19.5595,281.18015,NA,Eh
19.576160000000005,281.3102099999999,NA,Eh
19.592829999999996,281.4369399999999,NA,Eh
19.6095,281.56639999999993,NA,Eh
19.62616,281.6936099999999,NA,Eh
19.64283,281.8206599999999,NA,Eh
19.6595,281.94669,NA,Eh
19.67617,282.0697599999999,NA,Eh
19.69284,282.19221,NA,Eh
19.70951,282.3110699999999,NA,Eh
19.726179999999996,282.4298800000001,NA,Eh
19.74285,282.54861,NA,Eh
19.75951999999999,282.6681899999999,NA,Eh
19.77618,282.78716999999995,NA,Eh
19.79285,282.90127999999993,NA,Eh
19.809519999999996,283.01656,NA,Eh
19.82619,283.12876,NA,Eh
19.842860000000005,283.23666999999995,NA,Eh
19.85952,283.3417,NA,Eh
19.87619,283.44925,NA,Eh
19.89286,283.5568,NA,Eh
19.909529999999997,283.66877,NA,Eh
19.92618999999999,283.78166999999996,NA,Eh
19.94286,283.89716999999996,NA,Eh
19.959529999999997,284.00598,NA,Eh
19.976189999999995,284.1136200000001,NA,Eh
19.99286,284.23664999999994,NA,Eh
20.00953,284.3612499999999,NA,Eh
20.026199999999996,284.48007999999993,NA,Eh
20.04286,284.60081,NA,Eh
20.059529999999995,284.72249,NA,Eh
20.0762,284.84614999999997,NA,Eh
20.092860000000005,284.96813999999995,NA,Eh
20.109529999999996,285.08876999999995,NA,Eh
20.1262,285.21119999999996,NA,Eh
20.142869999999995,285.33836999999994,NA,Eh
20.15953,285.4672699999999,NA,Eh
20.1762,285.60172,NA,Eh
20.19287,285.73789999999997,NA,Eh
20.209539999999997,285.88579,NA,Eh
20.226199999999995,286.03523999999993,NA,Eh
20.24287,286.1868999999999,NA,Eh
20.259539999999998,286.33670999999987,NA,Eh
20.276209999999995,286.48824999999994,NA,Eh
20.29287,286.6384499999999,NA,Eh
20.30953999999999,286.79097999999993,NA,Eh
20.32621,286.94711999999987,NA,Eh
20.34287,287.10643,NA,Eh
20.359539999999996,287.26565,NA,Eh
20.37621,287.42730999999986,NA,Eh
20.392880000000005,287.5849,NA,Eh
20.409539999999996,287.74289000000005,NA,Eh
20.426209999999998,287.90228,NA,Eh
20.442879999999995,288.06076,NA,Eh
20.45955,288.21695999999986,NA,Eh
20.47620999999999,288.375,NA,Eh
20.49288,288.53866999999997,NA,Eh
20.50955,288.70359999999994,NA,Eh
20.526219999999995,288.87310999999994,NA,Eh
20.54289,289.04912,NA,Eh
20.559550000000005,289.23241999999993,NA,Eh
20.576219999999996,289.41251999999986,NA,Eh
20.59289,289.59640999999993,NA,Eh
20.609559999999995,289.78125999999986,NA,Eh
20.62622,289.96304999999995,NA,Eh
20.64289,290.15268,NA,Eh
20.65956,290.34439,NA,Eh
20.67622,290.53428,NA,Eh
20.692889999999995,290.73074999999994,NA,Eh
20.70956,290.9298299999999,NA,Eh
20.726219999999998,291.1253899999999,NA,Eh
20.742889999999996,291.3202099999999,NA,Eh
20.75956,291.51099999999997,NA,Eh
20.77623,291.70552999999995,NA,Eh
20.792899999999996,291.8949799999999,NA,Eh
20.80957,292.09528,NA,Eh
20.826229999999995,292.30313999999987,NA,Eh
20.8429,292.5129800000001,NA,Eh
20.85957,292.71969,NA,Eh
20.876239999999996,292.93397999999996,NA,Eh
20.8929,293.15305,NA,Eh
20.909569999999995,293.3864699999999,NA,Eh
20.926239999999996,293.62854999999996,NA,Eh
20.9429,293.8771699999999,NA,Eh
20.959569999999996,294.13385,NA,Eh
20.976239999999997,294.39140999999995,NA,Eh
20.992899999999995,294.65367,NA,Eh
21.00957,294.91394,NA,Eh
21.026239999999998,295.16945,NA,Eh
21.042909999999996,295.42089,NA,Eh
21.05957,295.66231,NA,Eh
21.076239999999995,295.90134999999987,NA,Eh
21.09291,296.1397799999999,NA,Eh
21.10957,296.3784099999999,NA,Eh
21.126239999999996,296.6132600000001,NA,Eh
21.14291,296.85467000000006,NA,Eh
21.159579999999995,297.09127999999987,NA,Eh
21.176250000000003,297.32354999999995,NA,Eh
21.19292,297.55485000000004,NA,Eh
21.209579999999995,297.78675999999996,NA,Eh
21.22625,298.01959,NA,Eh
21.24292,298.24971,NA,Eh
21.259589999999996,298.48336999999987,NA,Eh
21.27625,298.72399999999993,NA,Eh
21.292919999999995,298.9678799999999,NA,Eh
21.30959,299.21637999999996,NA,Eh
21.32626,299.4761099999999,NA,Eh
21.342919999999996,299.73338999999993,NA,Eh
21.35959,299.99474999999995,NA,Eh
21.376259999999995,300.2602299999999,NA,Eh
21.39293,300.51707,NA,Eh
21.409599999999998,300.77549,NA,Eh
21.426269999999995,301.0514099999999,NA,Eh
21.442929999999997,301.3343899999999,NA,Eh
21.45959999999999,301.60838,NA,Eh
21.47627,301.89799999999997,NA,Eh
21.492939999999997,302.17563,NA,Eh
21.509609999999995,302.45064,NA,Eh
21.52627,302.72692999999987,NA,Eh
21.54294,303.00284,NA,Eh
21.559609999999996,303.27772999999996,NA,Eh
21.57628,303.55315999999993,NA,Eh
21.59294999999999,303.83762,NA,Eh
21.60961,304.1176500000001,NA,Eh
21.62628,304.39085,NA,Eh
21.642949999999995,304.66255,NA,Eh
21.65962,304.92098999999996,NA,Eh
21.676290000000005,305.16355,NA,Eh
21.69296,305.392,NA,Eh
21.709629999999997,305.615,NA,Eh
21.72629999999999,305.83252999999996,NA,Eh
21.74296,306.0378099999999,NA,Eh
21.759629999999998,306.22176999999994,NA,Eh
21.776299999999996,306.40209999999996,NA,Eh
21.79297,306.57604999999995,NA,Eh
21.809629999999995,306.74266000000006,NA,Eh
21.8263,306.90838999999994,NA,Eh
21.84297,307.07187,NA,Eh
21.859639999999995,307.22734,NA,Eh
21.87631,307.3749900000001,NA,Eh
21.89298,307.52826999999996,NA,Eh
21.909639999999996,307.68477,NA,Eh
21.926309999999997,307.83981,NA,Eh
21.942990000000002,308.0036099999999,NA,Eh
21.95965,308.16793,NA,Eh
21.976319999999998,308.3293499999999,NA,Eh
21.992989999999995,308.48932999999994,NA,Eh
22.00966,308.65283000000005,NA,Eh
22.02631999999999,308.81444,NA,Eh
22.04299,308.97749,NA,Eh
22.05966,309.14939,NA,Eh
22.076329999999995,309.32410999999996,NA,Eh
22.09299,309.50711999999993,NA,Eh
22.10967,309.67539,NA,Eh
22.126329999999996,309.8392,NA,Eh
22.143,310.00654999999995,NA,Eh
22.159669999999995,310.17188,NA,Eh
22.17634,310.32333999999986,NA,Eh
22.193,310.47349999999994,NA,Eh
22.209669999999996,310.6259,NA,Eh
22.226339999999997,310.76756,NA,Eh
22.242999999999995,310.90906,NA,Eh
22.25967,311.05172999999996,NA,Eh
22.276339999999998,311.18226,NA,Eh
22.293009999999995,311.31597,NA,Eh
22.30968,311.45859999999993,NA,Eh
22.32633999999999,311.58910999999995,NA,Eh
22.34301,311.72123999999997,NA,Eh
22.35968,311.86039,NA,Eh
22.376349999999995,312.01098,NA,Eh
22.39302,312.16075,NA,Eh
22.409689999999998,312.3003,NA,Eh
22.426349999999992,312.42858999999993,NA,Eh
22.443019999999997,312.55665,NA,Eh
22.45968999999999,312.70396,NA,Eh
22.47636,312.87132999999994,NA,Eh
22.493019999999998,313.03710999999987,NA,Eh
22.509689999999996,313.21150999999986,NA,Eh
22.52636,313.40528,NA,Eh
22.54303,313.62117999999987,NA,Eh
22.559699999999996,313.85025,NA,Eh
22.57637,314.07205,NA,Eh
22.593029999999995,314.29891999999995,NA,Eh
22.6097,314.52066,NA,Eh
22.62637,314.74964000000006,NA,Eh
22.643039999999996,314.97439,NA,Eh
22.6597,315.1940599999999,NA,Eh
22.67637,315.41289,NA,Eh
22.69304,315.61834999999996,NA,Eh
22.7097,315.83130999999986,NA,Eh
22.726369999999996,316.0399,NA,Eh
22.743039999999997,316.24505,NA,Eh
22.75970999999999,316.44104999999996,NA,Eh
22.77638,316.65167,NA,Eh
22.793039999999998,316.8525,NA,Eh
22.809709999999995,317.05255,NA,Eh
22.82638,317.26223,NA,Eh
22.84303999999999,317.46938,NA,Eh
22.85971,317.6722700000001,NA,Eh
22.87638,317.87711999999993,NA,Eh
22.893039999999996,318.07603999999986,NA,Eh
22.909709999999997,318.26464,NA,Eh
22.92638,318.44511999999986,NA,Eh
22.943049999999992,318.63225,NA,Eh
22.959709999999998,318.83249,NA,Eh
22.976379999999995,319.03359999999986,NA,Eh
22.99305,319.22359999999986,NA,Eh
23.00972,319.42337999999995,NA,Eh
23.02638,319.6289699999999,NA,Eh
23.04305,319.8352499999999,NA,Eh
23.059719999999995,320.02880999999996,NA,Eh
23.07639,320.21785,NA,Eh
23.09306,320.40936999999997,NA,Eh
23.109729999999995,320.5963099999999,NA,Eh
23.12639,320.7759699999999,NA,Eh
23.143059999999995,320.95334,NA,Eh
23.15973,321.13731999999993,NA,Eh
23.17639,321.3256600000001,NA,Eh
23.19306,321.52126999999996,NA,Eh
23.209729999999997,321.71764,NA,Eh
23.2264,321.9042,NA,Eh
23.24306,322.0802699999999,NA,Eh
23.259729999999998,322.26300999999995,NA,Eh
23.276399999999995,322.4579299999999,NA,Eh
23.29306,322.63670999999994,NA,Eh
23.30972999999999,322.79986,NA,Eh
23.3264,322.9457,NA,Eh
23.34307,323.0972499999999,NA,Eh
23.359729999999995,323.24493,NA,Eh
23.37641,323.3825,NA,Eh
23.393070000000005,323.5037699999999,NA,Eh
23.409739999999992,323.01515999999987,NA,Eh
23.426409999999997,322.38771,NA,Eh
23.443069999999995,321.73871999999994,NA,Eh
23.459739999999996,320.48035999999996,NA,Eh
23.476409999999998,319.15428000000014,NA,Eh
23.493079999999996,317.06867,NA,Eh
23.50975,314.1989699999999,NA,Eh
23.52640999999999,310.46402,NA,Eh
23.54308,306.76223,NA,Eh
23.55975,303.03512999999987,NA,Eh
23.576419999999995,298.73375999999996,NA,Eh
23.59309,294.45349999999996,NA,Eh
23.60974999999999,290.19641999999993,NA,Eh
23.62642,285.9369399999999,NA,Eh
23.64309,281.67214,NA,Eh
23.65976,277.39406,NA,Eh
23.67642,273.09228,NA,Eh
23.693090000000005,268.76297,NA,Eh
23.709759999999996,264.41003999999987,NA,Eh
23.726429999999997,260.0297,NA,Eh
23.743089999999995,255.62343,NA,Eh
23.75976,251.18230000000003,NA,Eh
23.776429999999998,246.70506999999998,NA,Eh
23.793089999999996,242.17920999999998,NA,Eh
23.80976,237.61097999999998,NA,Eh
23.82642999999999,233.01852,NA,Eh
23.8431,228.39124000000004,NA,Eh
23.85977,223.70550999999998,NA,Eh
23.876439999999995,218.97456999999997,NA,Eh
23.8931,214.18841000000003,NA,Eh
23.90977,209.37778,NA,Eh
23.926439999999992,204.53071,NA,Eh
23.943109999999997,199.6382,NA,Eh
23.959769999999995,194.69437,NA,Eh
23.976439999999997,189.71331999999998,NA,Eh
23.993109999999998,184.68834000000004,NA,Eh
24.009779999999996,179.6238,NA,Eh
24.02645,174.5142,NA,Eh
24.04311999999999,169.36754000000002,NA,Eh
24.05978,164.17412,NA,Eh
24.07645,158.93532000000002,NA,Eh
24.093119999999995,153.67231,NA,Eh
24.10979,148.38267000000002,NA,Eh
24.126460000000005,143.06194000000002,NA,Eh
24.143129999999996,137.71518999999998,NA,Eh
24.159800000000004,132.33357999999998,NA,Eh
24.17646,126.92297,NA,Eh
24.19313,121.47778,NA,Eh
24.2098,116.01202000000002,NA,Eh
24.226469999999996,110.53023,NA,Eh
24.243139999999997,105.02532999999998,NA,Eh
24.25979999999999,100.09646,NA,Eh
24.276479999999996,95.28702000000001,NA,Eh
24.293139999999998,90.47768,NA,Eh
24.30981,86.26665000000001,NA,Eh
24.32648,82.08842999999999,NA,Eh
24.34313999999999,78.64812,NA,Eh
24.359810000000003,75.97266,NA,Eh
24.37648,74.14467,NA,Eh
24.393149999999995,72.27823,NA,Eh
24.40981,70.42332,NA,Eh
24.42648,69.13838999999999,NA,Eh
24.443149999999992,67.81246999999999,NA,Eh
24.45982,66.44445000000002,NA,Eh
24.476479999999995,65.05017999999998,NA,Eh
24.49315,63.639630000000004,NA,Eh
24.50982,62.22321000000001,NA,Eh
24.526489999999995,60.80823,NA,Eh
24.54316,59.40007,NA,Eh
24.559830000000005,58.00097,NA,Eh
24.576499999999996,56.61287,NA,Eh
24.59317,55.23781,NA,Eh
24.60983,53.88099,NA,Eh
24.62651,52.548190000000005,NA,Eh
24.64317,51.2408,NA,Eh
24.65984,49.95601,NA,Eh
24.67651,48.67519000000001,NA,Eh
24.693180000000005,47.41834,NA,Eh
24.709849999999996,46.19312000000001,NA,Eh
24.726509999999998,44.99036,NA,Eh
24.74318999999999,43.82534000000001,NA,Eh
24.759850000000004,42.67069,NA,Eh
24.776519999999998,41.5339,NA,Eh
24.793189999999996,40.42277000000001,NA,Eh
24.809860000000004,39.3463,NA,Eh
24.826519999999995,38.29681000000001,NA,Eh
24.84319,37.26469,NA,Eh
24.859860000000005,36.24913000000001,NA,Eh
24.876529999999995,35.26265000000001,NA,Eh
24.8932,34.29414000000001,NA,Eh
24.909859999999995,33.347269999999995,NA,Eh
24.926529999999996,32.42255000000001,NA,Eh
24.943199999999997,31.50982,NA,Eh
24.95987,30.6081,NA,Eh
24.976539999999996,29.717060000000004,NA,Eh
24.9932,28.834920000000004,NA,Eh
25.00987,27.965859999999996,NA,Eh
25.026539999999997,27.10914,NA,Eh
25.043199999999995,26.271129999999996,NA,Eh
25.059870000000004,25.433579999999996,NA,Eh
25.076539999999998,24.589489999999998,NA,Eh
25.093209999999996,23.74902,NA,Eh
25.109880000000004,22.91142,NA,Eh
25.126539999999995,22.07791,NA,Eh
25.14321,21.245429999999992,NA,Eh
25.159880000000005,20.409329999999997,NA,Eh
25.176549999999995,19.563699999999997,NA,Eh
25.19322,18.72015,NA,Eh
25.20989,17.886669999999995,NA,Eh
25.226559999999996,17.04607,NA,Eh
25.243219999999997,16.192219999999995,NA,Eh
25.259899999999995,15.32,NA,Eh
25.27657,14.43229,NA,Eh
25.293229999999998,13.53444,NA,Eh
25.3099,12.62341,NA,Eh
25.32657,11.70081,NA,Eh
25.34322999999999,10.771949999999999,NA,Eh
25.359900000000003,9.82671,NA,Eh
25.37657,8.861550000000003,NA,Eh
25.393239999999995,7.868729999999999,NA,Eh
25.4099,6.84657,NA,Eh
25.42657,5.80159,NA,Eh
25.443239999999992,4.7353000000000005,NA,Eh
25.45991,3.63396,NA,Eh
25.47657999999999,2.5008699999999995,NA,Eh
25.49325,1.33595,NA,Eh
25.50991,0.14373000000000002,NA,Eh
25.526579999999996,-1.07944,NA,Eh
25.54325,-2.3291499999999994,NA,Eh
25.559920000000005,-3.6205,NA,Eh
25.57658,-4.925179999999999,NA,Eh
25.59325,-6.25463,NA,Eh
25.60992,-7.60941,NA,Eh
25.62658,-8.98823,NA,Eh
25.64324999999999,-10.391269999999999,NA,Eh
25.659920000000003,-11.82159,NA,Eh
25.67658,-13.2692,NA,Eh
25.693249999999995,-14.739169999999998,NA,Eh
25.70992,-16.23121,NA,Eh
25.72659,-17.7579,NA,Eh
25.74325,-19.31206,NA,Eh
25.75992,-20.889479999999995,NA,Eh
25.776589999999995,-22.49125,NA,Eh
25.79326,-24.131200000000003,NA,Eh
25.80993,-25.81018,NA,Eh
25.826589999999996,-27.491399999999995,NA,Eh
25.84326,-29.228599999999997,NA,Eh
25.85993,-31.027719999999995,NA,Eh
25.87659,-32.88484,NA,Eh
25.89326,-34.83324,NA,Eh
25.909929999999996,-36.84921,NA,Eh
25.926599999999997,-38.94802,NA,Eh
25.943259999999995,-41.13853000000001,NA,Eh
25.95993,-43.41612000000001,NA,Eh
25.976599999999998,-45.773990000000005,NA,Eh
25.993259999999996,-48.23659000000001,NA,Eh
26.00993,-50.78866,NA,Eh
26.02659999999999,-53.447379999999995,NA,Eh
26.04327,-56.21869,NA,Eh
26.05993,-59.14399,NA,Eh
26.076599999999996,-62.1875,NA,Eh
26.09327,-65.36496,NA,Eh
26.109940000000005,-68.64133,NA,Eh
26.1266,-71.97417,NA,Eh
26.14327,-75.36511,NA,Eh
26.15994,-78.79408,NA,Eh
26.17661,-82.25546,NA,Eh
26.193269999999995,-85.73107,NA,Eh
26.20994,-89.21889,NA,Eh
26.226609999999997,-92.70647,NA,Eh
26.243279999999995,-96.18453,NA,Eh
26.25994,-99.63845999999998,NA,Eh
26.27661,-103.07917999999998,NA,Eh
26.293279999999996,-106.50299,NA,Eh
26.309950000000004,-109.90233,NA,Eh
26.326609999999995,-113.27126000000001,NA,Eh
26.34329,-116.61595,NA,Eh
26.359950000000005,-119.93451000000002,NA,Eh
26.376619999999996,-123.22709,NA,Eh
26.39329,-126.49751000000003,NA,Eh
26.40994999999999,-129.73023,NA,Eh
26.426619999999996,-132.94748,NA,Eh
26.443289999999998,-136.13401,NA,Eh
26.459949999999996,-139.28264000000001,NA,Eh
26.476619999999997,-142.39458,NA,Eh
26.49328999999999,-145.4733,NA,Eh
26.509960000000003,-148.52154000000002,NA,Eh
26.526619999999998,-151.55096,NA,Eh
26.543289999999995,-154.55189000000001,NA,Eh
26.559960000000004,-157.52459,NA,Eh
26.57663,-160.46409,NA,Eh
26.59329,-163.36837000000003,NA,Eh
26.609960000000004,-166.24349999999995,NA,Eh
26.626629999999995,-169.08372,NA,Eh
26.6433,-171.88087000000002,NA,Eh
26.659970000000005,-174.62882000000002,NA,Eh
26.676629999999996,-177.36689,NA,Eh
26.6933,-180.03818,NA,Eh
26.709969999999995,-182.63575999999998,NA,Eh
26.726639999999996,-185.16388999999998,NA,Eh
26.743299999999998,-187.59668,NA,Eh
26.75997,-189.95260000000002,NA,Eh
26.776639999999997,-192.21554999999995,NA,Eh
26.79331,-194.37149000000002,NA,Eh
26.809970000000003,-196.42632000000003,NA,Eh
26.826639999999998,-198.38605,NA,Eh
26.843309999999995,-200.22583,NA,Eh
26.859970000000004,-201.95492000000002,NA,Eh
26.87663999999999,-203.55105,NA,Eh
26.89331,-205.01451999999998,NA,Eh
26.90997,-206.31665999999998,NA,Eh
26.926639999999992,-207.48494000000002,NA,Eh
26.943309999999997,-208.49857,NA,Eh
26.959980000000005,-209.38793000000004,NA,Eh
26.976649999999992,-210.19407999999999,NA,Eh
26.993319999999997,-210.9166,NA,Eh
27.00998,-211.56899,NA,Eh
27.02665,-212.1663,NA,Eh
27.043319999999998,-212.72827,NA,Eh
27.05998,-213.24723,NA,Eh
27.07665,-213.73316999999997,NA,Eh
27.093319999999995,-214.18446,NA,Eh
27.109990000000003,-214.61569999999998,NA,Eh
27.12665,-215.02289000000002,NA,Eh
27.143319999999996,-215.41387999999998,NA,Eh
27.159990000000004,-215.78129,NA,Eh
27.176659999999995,-216.13549999999998,NA,Eh
27.19332,-216.47294000000002,NA,Eh
27.20999,-216.7959,NA,Eh
27.226659999999995,-217.10303,NA,Eh
27.243319999999997,-217.39417,NA,Eh
27.259989999999995,-217.66857,NA,Eh
27.27666,-217.93293000000003,NA,Eh
27.293329999999997,-218.18929,NA,Eh
27.310000000000002,-218.43976999999998,NA,Eh
27.32667,-218.68473,NA,Eh
27.343339999999998,-218.92285,NA,Eh
27.36,-219.1549,NA,Eh
27.37667,-219.37652,NA,Eh
27.39333999999999,-219.59351999999998,NA,Eh
27.41001,-219.80436,NA,Eh
27.426679999999998,-220.00625000000002,NA,Eh
27.44334999999999,-220.20442,NA,Eh
27.460009999999997,-220.39807000000002,NA,Eh
27.476680000000002,-220.58402,NA,Eh
27.49335,-220.76199,NA,Eh
27.51002,-220.93705,NA,Eh
27.526679999999995,-221.10497999999998,NA,Eh
27.54335,-221.26886,NA,Eh
27.56002,-221.42735000000005,NA,Eh
27.576689999999996,-221.58575000000002,NA,Eh
27.59335,-221.73639,NA,Eh
27.61002,-221.87800000000001,NA,Eh
27.62669,-222.0129,NA,Eh
27.64336,-222.14665,NA,Eh
27.660029999999995,-222.27570999999998,NA,Eh
27.6767,-222.40049000000002,NA,Eh
27.693359999999995,-222.52347,NA,Eh
27.71003,-222.65007,NA,Eh
27.726699999999997,-222.77359999999996,NA,Eh
27.743369999999995,-222.89763000000002,NA,Eh
27.760039999999996,-223.01762,NA,Eh
27.776709999999998,-223.13571,NA,Eh
27.793369999999996,-223.25122000000002,NA,Eh
27.81004,-223.36161,NA,Eh
27.826709999999995,-223.46708,NA,Eh
27.84338,-223.57363999999998,NA,Eh
27.86005,-223.67771,NA,Eh
27.876709999999996,-223.78072,NA,Eh
27.89338,-223.87932,NA,Eh
27.91004999999999,-223.97821000000002,NA,Eh
27.926709999999996,-224.07334,NA,Eh
27.943379999999998,-224.16604999999998,NA,Eh
27.960049999999992,-224.25789,NA,Eh
27.976719999999997,-224.34757,NA,Eh
27.99339,-224.4394,NA,Eh
28.01006,-224.53350999999998,NA,Eh
28.026729999999997,-224.6267,NA,Eh
28.043389999999995,-224.71702,NA,Eh
28.06006,-224.80791000000002,NA,Eh
28.076729999999998,-224.89435,NA,Eh
28.093389999999996,-224.98194000000004,NA,Eh
28.110060000000004,-225.06947,NA,Eh
28.12672999999999,-225.15230000000003,NA,Eh
28.1434,-225.23555999999996,NA,Eh
28.16007,-225.31928,NA,Eh
28.176739999999995,-225.40143000000003,NA,Eh
28.1934,-225.4849,NA,Eh
28.210070000000005,-225.56632000000002,NA,Eh
28.226739999999992,-225.64928999999998,NA,Eh
28.243409999999997,-225.73018,NA,Eh
28.260069999999995,-225.81134000000003,NA,Eh
28.276739999999997,-225.89281000000003,NA,Eh
28.29341,-225.97564999999997,NA,Eh
28.310070000000003,-226.05159,NA,Eh
28.326739999999997,-226.12969999999999,NA,Eh
28.343409999999995,-226.20523,NA,Eh
28.36008,-226.27937999999997,NA,Eh
28.37674,-226.35018000000002,NA,Eh
28.393409999999996,-226.41621,NA,Eh
28.41008,-226.48307,NA,Eh
28.426749999999988,-226.54805000000002,NA,Eh
28.443419999999996,-226.61350999999996,NA,Eh
28.460079999999998,-226.68025,NA,Eh
28.476749999999992,-226.74586999999997,NA,Eh
28.493419999999997,-226.81527,NA,Eh
28.510090000000005,-226.88409000000001,NA,Eh
28.52675,-226.95424000000003,NA,Eh
28.543419999999998,-227.02088,NA,Eh
28.560089999999995,-227.08454,NA,Eh
28.57675,-227.14917999999997,NA,Eh
28.59341999999999,-227.21055999999996,NA,Eh
28.610090000000003,-227.27348999999998,NA,Eh
28.62676,-227.33467,NA,Eh
28.643419999999995,-227.39513000000002,NA,Eh
28.66009,-227.45581,NA,Eh
28.676760000000005,-227.51641,NA,Eh
28.693429999999996,-227.57992,NA,Eh
28.7101,-227.64182,NA,Eh
28.726759999999995,-227.70244000000002,NA,Eh
28.743429999999996,-227.76333,NA,Eh
28.760099999999998,-227.82249000000004,NA,Eh
28.776769999999996,-227.88031000000004,NA,Eh
28.793429999999997,-227.93849000000003,NA,Eh
28.810099999999995,-227.99819000000002,NA,Eh
28.82677,-228.06073,NA,Eh
28.843439999999998,-228.12023000000002,NA,Eh
28.860109999999995,-228.1795,NA,Eh
28.87677,-228.23752,NA,Eh
28.89343999999999,-228.29672,NA,Eh
28.91011,-228.35521000000003,NA,Eh
28.926769999999998,-228.41692,NA,Eh
28.943439999999992,-228.47571,NA,Eh
28.960109999999997,-228.53376999999998,NA,Eh
28.97678,-228.59176,NA,Eh
28.993449999999992,-228.64914,NA,Eh
29.01011,-228.70676999999998,NA,Eh
29.026779999999995,-228.76531,NA,Eh
29.04345,-228.82086,NA,Eh
29.060119999999998,-228.87969999999999,NA,Eh
29.076779999999996,-228.93579,NA,Eh
29.09345,-228.99200000000002,NA,Eh
29.110119999999995,-229.0474,NA,Eh
29.12678,-229.10017,NA,Eh
29.14345,-229.14955999999995,NA,Eh
29.160119999999996,-229.20269,NA,Eh
29.17679,-229.25478999999999,NA,Eh
29.193449999999995,-229.30820000000003,NA,Eh
29.21012,-229.36176,NA,Eh
29.226789999999998,-229.41851,NA,Eh
29.243459999999995,-229.47465999999997,NA,Eh
29.260129999999997,-229.52853000000002,NA,Eh
29.27678999999999,-229.58316,NA,Eh
29.29346,-229.64186999999998,NA,Eh
29.31013,-229.6993,NA,Eh
29.326799999999995,-229.75686,NA,Eh
29.34346,-229.80884000000003,NA,Eh
29.36013,-229.86123000000003,NA,Eh
29.376799999999996,-229.91018,NA,Eh
29.39347,-229.96044000000003,NA,Eh
29.410129999999995,-230.01071,NA,Eh
29.4268,-230.06234000000003,NA,Eh
29.443469999999998,-230.11291,NA,Eh
29.460129999999992,-230.16173,NA,Eh
29.4768,-230.21195999999998,NA,Eh
29.493469999999995,-230.26405999999997,NA,Eh
29.51014,-230.31686,NA,Eh
29.52681,-230.36854000000002,NA,Eh
29.543479999999995,-230.41571,NA,Eh
29.560139999999997,-230.4652,NA,Eh
29.576809999999995,-230.51325999999997,NA,Eh
29.59348,-230.5607,NA,Eh
29.61014,-230.60761,NA,Eh
29.62681,-230.65654,NA,Eh
29.64348,-230.70499999999998,NA,Eh
29.66013999999999,-230.75152,NA,Eh
29.676810000000003,-230.79662,NA,Eh
29.69348,-230.84240000000003,NA,Eh
29.710149999999995,-230.88522000000003,NA,Eh
29.72681,-230.92789000000002,NA,Eh
29.74348,-230.97002,NA,Eh
29.760149999999992,-231.01346999999998,NA,Eh
29.77681,-231.05607,NA,Eh
29.793479999999995,-231.09738000000002,NA,Eh
29.810150000000004,-231.14047,NA,Eh
29.82682,-231.18514000000002,NA,Eh
29.84348,-231.22896,NA,Eh
29.86015,-231.27264999999997,NA,Eh
29.87682,-231.31559,NA,Eh
29.89349,-231.35883000000004,NA,Eh
29.91016,-231.40222000000003,NA,Eh
29.926819999999996,-231.44443,NA,Eh
29.943489999999997,-231.48686,NA,Eh
29.96015999999999,-231.52738000000002,NA,Eh
29.97683,-231.56833000000003,NA,Eh
29.993489999999998,-231.60899,NA,Eh
30.01016,-231.64884,NA,Eh
30.02683,-231.68753,NA,Eh
30.0435,-231.72507,NA,Eh
30.06016,-231.75978999999998,NA,Eh
30.07683,-231.79396999999997,NA,Eh
30.093499999999995,-231.82947000000001,NA,Eh
30.110170000000004,-231.86501,NA,Eh
30.12684,-231.89937,NA,Eh
30.1435,-231.93332,NA,Eh
30.16017,-231.96638000000002,NA,Eh
30.17684,-231.99954,NA,Eh
30.19351,-232.0343,NA,Eh
30.21018,-232.06862,NA,Eh
30.226839999999996,-232.10303,NA,Eh
30.243509999999997,-232.13683,NA,Eh
30.26017999999999,-232.16949999999997,NA,Eh
30.276850000000003,-232.20124,NA,Eh
30.293519999999997,-232.23508999999999,NA,Eh
30.31018,-232.26846,NA,Eh
30.326850000000004,-232.29953999999998,NA,Eh
30.34352,-232.33097,NA,Eh
30.360189999999996,-232.36163000000002,NA,Eh
30.376860000000004,-232.39412000000002,NA,Eh
30.393519999999995,-232.42549000000002,NA,Eh
30.4102,-232.45853000000002,NA,Eh
30.42686,-232.49057,NA,Eh
30.443529999999992,-232.52235000000005,NA,Eh
30.460199999999997,-232.55262000000002,NA,Eh
30.476870000000005,-232.58403,NA,Eh
30.493539999999992,-232.61488999999997,NA,Eh
30.51021,-232.64587999999998,NA,Eh
30.52687,-232.67874,NA,Eh
30.543539999999997,-232.71155,NA,Eh
30.560209999999998,-232.74224999999998,NA,Eh
30.57688,-232.77325,NA,Eh
30.59355,-232.80289000000002,NA,Eh
30.61021,-232.83270000000002,NA,Eh
30.626880000000003,-232.86254000000002,NA,Eh
30.64355,-232.89381,NA,Eh
30.660219999999995,-232.9237,NA,Eh
30.676890000000004,-232.95426,NA,Eh
30.69354999999999,-232.98763000000002,NA,Eh
30.71022,-233.02227000000002,NA,Eh
30.72689,-233.05435,NA,Eh
30.743559999999995,-233.08973,NA,Eh
30.760229999999996,-233.12053,NA,Eh
30.7769,-233.15192000000002,NA,Eh
30.793569999999995,-233.18064,NA,Eh
30.81023,-233.21196999999998,NA,Eh
30.826899999999995,-233.24146,NA,Eh
30.84357,-233.27467999999996,NA,Eh
30.860239999999997,-233.30762000000001,NA,Eh
30.87691,-233.34052,NA,Eh
30.89358,-233.37077,NA,Eh
30.91024,-233.40345000000002,NA,Eh
30.926909999999996,-233.43345000000002,NA,Eh
30.943579999999997,-233.46316,NA,Eh
30.960249999999988,-233.49314,NA,Eh
30.97692,-233.52383,NA,Eh
30.993579999999998,-233.55351,NA,Eh
31.01026,-233.58668,NA,Eh
31.02692,-233.61749,NA,Eh
31.04358999999999,-233.64853,NA,Eh
31.06026,-233.67893,NA,Eh
31.07693,-233.70991999999998,NA,Eh
31.093589999999995,-233.74366999999995,NA,Eh
31.110260000000004,-233.77751999999998,NA,Eh
31.126930000000005,-233.81171,NA,Eh
31.14359,-233.84752,NA,Eh
31.16026,-233.88282000000004,NA,Eh
31.17693,-233.91933,NA,Eh
31.1936,-233.95214000000004,NA,Eh
31.210260000000005,-233.98809000000003,NA,Eh
31.226929999999996,-234.02415000000002,NA,Eh
31.243599999999997,-234.06249000000003,NA,Eh
31.260259999999995,-234.09825,NA,Eh
31.27693,-234.13744000000003,NA,Eh
31.293599999999998,-234.17531,NA,Eh
31.31027,-234.21566999999996,NA,Eh
31.32694,-234.25455,NA,Eh
31.343599999999995,-234.29716,NA,Eh
31.36027,-234.33826000000002,NA,Eh
31.37694,-234.37777,NA,Eh
31.393599999999996,-234.4164,NA,Eh
31.41027,-234.45986,NA,Eh
31.42693999999999,-234.50354,NA,Eh
31.443609999999996,-234.5481,NA,Eh
31.460269999999998,-234.59016,NA,Eh
31.476939999999995,-234.63681,NA,Eh
31.493609999999997,-234.68212000000003,NA,Eh
31.510269999999995,-234.72857,NA,Eh
31.52694,-234.77477999999996,NA,Eh
31.543609999999997,-234.82080000000002,NA,Eh
31.560269999999996,-234.86398,NA,Eh
31.57694,-234.91055999999998,NA,Eh
31.59361,-234.95453,NA,Eh
31.610270000000003,-235.00107,NA,Eh
31.62694,-235.04684999999998,NA,Eh
31.643609999999995,-235.09691,NA,Eh
31.66028,-235.14812,NA,Eh
31.676939999999995,-235.20237,NA,Eh
31.69361,-235.25099,NA,Eh
31.71028,-235.30085,NA,Eh
31.726949999999995,-235.34984999999998,NA,Eh
31.743609999999997,-235.40239000000003,NA,Eh
31.76028,-235.45343000000003,NA,Eh
31.776949999999996,-235.50525000000002,NA,Eh
31.793619999999997,-235.55854000000002,NA,Eh
31.810289999999995,-235.61149,NA,Eh
31.826950000000004,-235.66403,NA,Eh
31.843619999999998,-235.71542,NA,Eh
31.860289999999996,-235.76536,NA,Eh
31.876960000000004,-235.81791,NA,Eh
31.893619999999995,-235.86951,NA,Eh
31.91029,-235.92190000000002,NA,Eh
31.92696,-235.97721,NA,Eh
31.943619999999992,-236.0311,NA,Eh
31.960289999999997,-236.08405000000002,NA,Eh
31.976959999999995,-236.13565999999997,NA,Eh
31.993619999999996,-236.18605000000002,NA,Eh
32.01029,-236.23703,NA,Eh
32.02696,-236.28758,NA,Eh
32.04363,-236.34028,NA,Eh
32.060300000000005,-236.39308,NA,Eh
32.07696,-236.44444000000001,NA,Eh
32.093630000000005,-236.49605,NA,Eh
32.1103,-236.54837,NA,Eh
32.12696000000001,-236.59909,NA,Eh
32.14363,-236.65021000000002,NA,Eh
32.16030000000001,-236.69901,NA,Eh
32.176970000000004,-236.74781,NA,Eh
32.193630000000006,-236.79465999999996,NA,Eh
32.210300000000004,-236.84256,NA,Eh
32.22697000000001,-236.89064000000002,NA,Eh
32.24363,-236.93832000000003,NA,Eh
32.26030000000001,-236.98502000000002,NA,Eh
32.276970000000006,-237.03293000000002,NA,Eh
32.29363000000001,-237.08199000000002,NA,Eh
32.3103,-237.13259,NA,Eh
32.32697,-237.17857999999998,NA,Eh
32.34363999999999,-237.22484999999998,NA,Eh
32.3603,-237.26736,NA,Eh
32.37697,-237.31122000000002,NA,Eh
32.393640000000005,-237.35710000000003,NA,Eh
32.4103,-237.40394,NA,Eh
32.426970000000004,-237.42509,NA,Eh
32.443639999999995,-237.4451,NA,Eh
32.46031000000001,-237.46507,NA,Eh
32.47697,-237.48563000000001,NA,Eh
32.49365,-237.5042,NA,Eh
32.51032,-237.52179,NA,Eh
32.52698,-237.53837000000001,NA,Eh
32.54365,-237.56046,NA,Eh
32.56032000000001,-237.58067,NA,Eh
32.57699,-237.60229,NA,Eh
32.593650000000004,-237.62249000000003,NA,Eh
32.61032,-237.64364999999995,NA,Eh
32.626990000000006,-237.66439,NA,Eh
32.64365,-237.68402,NA,Eh
32.66032000000001,-237.70360999999997,NA,Eh
32.67699000000001,-237.72331,NA,Eh
32.69366,-237.74284,NA,Eh
32.710330000000006,-237.76276,NA,Eh
32.72699000000001,-237.78125,NA,Eh
32.743660000000006,-237.80016,NA,Eh
32.76033000000001,-237.81974,NA,Eh
32.777,-237.83806,NA,Eh
32.793670000000006,-237.85780000000003,NA,Eh
32.81033,-237.87775000000002,NA,Eh
32.827000000000005,-237.89702000000003,NA,Eh
32.843669999999996,-237.91397999999998,NA,Eh
32.860330000000005,-237.93282000000002,NA,Eh
32.876999999999995,-237.95364,NA,Eh
32.89367,-237.97379999999998,NA,Eh
32.910340000000005,-237.96576,NA,Eh
32.927,-237.95801000000003,NA,Eh
32.94367,-237.94982,NA,Eh
32.96034,-237.94117,NA,Eh
32.97701,-237.93173000000002,NA,Eh
32.993680000000005,-237.9247,NA,Eh
33.01035,-237.91879,NA,Eh
33.027010000000004,-237.91582,NA,Eh
33.043679999999995,-237.91114000000002,NA,Eh
33.06035000000001,-237.90763,NA,Eh
33.077020000000005,-237.9044,NA,Eh
33.09369,-237.90248000000003,NA,Eh
33.11036,-237.89867,NA,Eh
33.127030000000005,-237.89295,NA,Eh
33.14369,-237.88646000000003,NA,Eh
33.16036000000001,-237.87888,NA,Eh
33.17703,-237.87143000000003,NA,Eh
33.19370000000001,-237.86437,NA,Eh
33.210370000000005,-237.85947000000002,NA,Eh
33.22704,-237.85322000000002,NA,Eh
33.243700000000004,-237.84509,NA,Eh
33.26037000000001,-237.83806,NA,Eh
33.27704,-237.85780000000003,NA,Eh
33.29371000000001,-237.87775000000002,NA,Eh
33.31037,-237.89702000000003,NA,Eh
33.327040000000004,-237.91397999999998,NA,Eh
33.34371,-237.93282000000002,NA,Eh
33.36037,-237.95364,NA,Eh
33.377039999999994,-237.97379999999998,NA,Eh
33.393710000000006,-237.96576,NA,Eh
33.41038,-237.95801000000003,NA,Eh
33.42705,-237.94982,NA,Eh
33.443720000000006,-237.94117,NA,Eh
33.460390000000004,-237.93173000000002,NA,Eh
33.47705,-237.9247,NA,Eh
33.49372,-237.91879,NA,Eh
33.51039,-237.91582,NA,Eh
33.527060000000006,-237.91114000000002,NA,Eh
33.543730000000004,-237.90763,NA,Eh
33.560390000000005,-237.9044,NA,Eh
33.57707,-237.90248000000003,NA,Eh
33.59373000000001,-237.89867,NA,Eh
33.610400000000006,-237.89295,NA,Eh
33.62707,-237.88646000000003,NA,Eh
33.64374,-237.87888,NA,Eh
33.660410000000006,-237.87143000000003,NA,Eh
33.67707,-237.86437,NA,Eh
33.69375000000001,-237.85947000000002,NA,Eh
33.710420000000006,-237.85322000000002,NA,Eh
33.72708,-237.84509,NA,Eh
33.743750000000006,-237.83806,NA,Eh
33.76042,-237.85780000000003,NA,Eh
33.77709,-237.87775000000002,NA,Eh
33.79376000000001,-237.89702000000003,NA,Eh
33.81043,-237.91397999999998,NA,Eh
33.82709,-237.93282000000002,NA,Eh
33.843759999999996,-237.95364,NA,Eh
33.86043,-237.97379999999998,NA,Eh
33.8771,-237.96576,NA,Eh
33.89377000000001,-237.95801000000003,NA,Eh
33.91043,-237.94982,NA,Eh
33.9271,-237.94117,NA,Eh
33.94377,-237.93173000000002,NA,Eh
33.960440000000006,-237.9247,NA,Eh
33.9771,-237.91879,NA,Eh
33.993770000000005,-237.91582,NA,Eh
34.010439999999996,-237.91114000000002,NA,Eh
34.02711000000001,-237.90763,NA,Eh
34.043780000000005,-237.9044,NA,Eh
34.06044,-237.90248000000003,NA,Eh
34.077110000000005,-237.89867,NA,Eh
34.09378,-237.89295,NA,Eh
34.110440000000004,-237.88646000000003,NA,Eh
34.12711000000001,-237.87888,NA,Eh
34.14378,-237.87143000000003,NA,Eh
34.160450000000004,-237.86437,NA,Eh
34.177110000000006,-237.85947000000002,NA,Eh
34.19378000000001,-237.85322000000002,NA,Eh
34.21045,-237.84509,NA,Eh
34.22711000000001,-237.83806,NA,Eh
34.24378,-237.85780000000003,NA,Eh
34.260450000000006,-237.87775000000002,NA,Eh
34.27712000000001,-237.89702000000003,NA,Eh
34.29378000000001,-237.91397999999998,NA,Eh
34.310449999999996,-237.93282000000002,NA,Eh
34.32712,-237.95364,NA,Eh
34.34379,-237.97379999999998,NA,Eh
34.36045,-237.96576,NA,Eh
34.377120000000005,-237.95801000000003,NA,Eh
34.39379,-237.94982,NA,Eh
34.41045999999999,-237.94117,NA,Eh
34.42712,-237.93173000000002,NA,Eh
34.44379,-237.9247,NA,Eh
34.460460000000005,-237.91879,NA,Eh
34.477120000000006,-237.91582,NA,Eh
34.493790000000004,-237.91114000000002,NA,Eh
34.510459999999995,-237.90763,NA,Eh
34.52712000000001,-237.9044,NA,Eh
34.54379,-237.90248000000003,NA,Eh
34.560460000000006,-237.89867,NA,Eh
34.577130000000004,-237.89295,NA,Eh
34.593790000000006,-237.88646000000003,NA,Eh
34.610459999999996,-237.87888,NA,Eh
34.62713000000001,-237.87143000000003,NA,Eh
34.643800000000006,-237.86437,NA,Eh
34.66046,-237.85947000000002,NA,Eh
34.677130000000005,-237.85322000000002,NA,Eh
34.6938,-237.84509,NA,Eh
34.710460000000005,-237.83806,NA,Eh
34.72713000000001,-237.85780000000003,NA,Eh
34.7438,-237.87775000000002,NA,Eh
34.76046,-237.89702000000003,NA,Eh
34.77713000000001,-237.91397999999998,NA,Eh
34.79380000000001,-237.93282000000002,NA,Eh
34.810469999999995,-237.95364,NA,Eh
34.82714,-237.97379999999998,NA,Eh
34.84381,-237.96576,NA,Eh
34.86047,-237.95801000000003,NA,Eh
34.877140000000004,-237.94982,NA,Eh
34.89381,-237.94117,NA,Eh
34.91047,-237.93173000000002,NA,Eh
34.92714,-237.9247,NA,Eh
34.94381,-237.91879,NA,Eh
34.960480000000004,-237.91582,NA,Eh
34.977140000000006,-237.91114000000002,NA,Eh
34.99381,-237.90763,NA,Eh
35.010479999999994,-237.9044,NA,Eh
35.027150000000006,-237.90248000000003,NA,Eh
35.04381,-237.89867,NA,Eh
35.060480000000005,-237.89295,NA,Eh
35.07715,-237.88646000000003,NA,Eh
35.093810000000005,-237.87888,NA,Eh
35.110479999999995,-237.87143000000003,NA,Eh
35.12715000000001,-237.86437,NA,Eh
35.143820000000005,-237.85947000000002,NA,Eh
35.16049,-237.85322000000002,NA,Eh
35.177150000000005,-237.84509,NA,Eh
35.19382,-237.83806,NA,Eh
35.21049,-237.85780000000003,NA,Eh
35.22716000000001,-237.87775000000002,NA,Eh
35.24382000000001,-237.89702000000003,NA,Eh
35.260490000000004,-237.91397999999998,NA,Eh
35.27716,-237.93282000000002,NA,Eh
35.29383000000001,-237.95364,NA,Eh
35.310489999999994,-237.97379999999998,NA,Eh
35.32717,-237.96576,NA,Eh
35.34383,-237.95801000000003,NA,Eh
35.3605,-237.94982,NA,Eh
35.37717,-237.94117,NA,Eh
35.393840000000004,-237.93173000000002,NA,Eh
35.4105,-237.9247,NA,Eh
35.427170000000004,-237.91879,NA,Eh
35.443839999999994,-237.91582,NA,Eh
35.460510000000006,-237.91114000000002,NA,Eh
35.47717,-237.90763,NA,Eh
35.493840000000006,-237.9044,NA,Eh
35.510510000000004,-237.90248000000003,NA,Eh
35.52718,-237.89867,NA,Eh
35.54385,-237.89295,NA,Eh
35.56052000000001,-237.88646000000003,NA,Eh
35.577180000000006,-237.87888,NA,Eh
35.59385,-237.87143000000003,NA,Eh
35.61052,-237.86437,NA,Eh
35.627190000000006,-237.85947000000002,NA,Eh
35.64385,-237.85322000000002,NA,Eh
35.66052000000001,-237.84509,NA,Eh
35.67719,-237.83806,NA,Eh
35.693850000000005,-237.85780000000003,NA,Eh
35.71052,-237.87775000000002,NA,Eh
35.72719000000001,-237.89702000000003,NA,Eh
35.743860000000005,-237.91791,NA,Eh
35.76053000000001,-237.93489,NA,Eh
35.777190000000004,-237.94449999999998,NA,Eh
35.79386,-237.95178,NA,Eh
35.81053,-237.95591000000002,NA,Eh
35.827200000000005,-237.96052,NA,Eh
35.843869999999995,-237.96135,NA,Eh
35.860530000000004,-237.96044000000003,NA,Eh
35.877199999999995,-237.95246000000003,NA,Eh
35.89387,-237.9318,NA,Eh
35.91053,-237.90437,NA,Eh
35.927200000000006,-237.87522,NA,Eh
35.94387,-237.82013000000003,NA,Eh
35.96054,-237.86396,NA,Eh
35.977199999999996,-237.91209,NA,Eh
35.993880000000004,-237.96103000000002,NA,Eh
36.010540000000006,-237.99884000000003,NA,Eh
36.027210000000004,-238.03386999999998,NA,Eh
36.043879999999994,-238.06273000000002,NA,Eh
36.06054,-238.10162,NA,Eh
36.07721,-238.14334,NA,Eh
36.093880000000006,-238.19581,NA,Eh
36.11054,-238.26878,NA,Eh
36.127210000000005,-238.3297,NA,Eh
36.143879999999996,-238.33270000000002,NA,Eh
0,6.68974,0.03177,pH
0.2,6.73477,0.03146,pH
0.4,6.727519999999999,0.03658,pH
0.6,6.717709999999999,0.03442,pH
0.8,6.71197,0.0298,pH
1,6.7212700000000005,0.03361,pH
1.2,6.731230000000001,0.02591,pH
1.4,6.71114,0.04093,pH
1.6,6.71607,0.030619999999999998,pH
1.8,6.714799999999999,0.03522,pH
2,6.7158999999999995,0.032240000000000005,pH
2.2,6.71828,0.03371999999999999,pH
2.4,6.70991,0.03759,pH
2.6,6.70145,0.03346,pH
2.8,6.71083,0.027880000000000002,pH
3,6.7118,0.03535,pH
3.2,6.72168,0.03314,pH
3.4,6.70671,0.04037,pH
3.6,6.72674,0.03215,pH
3.8,6.73915,0.024569999999999998,pH
4,6.71606,0.03453,pH
4.2,6.72656,0.028729999999999995,pH
4.4,6.72576,0.03459,pH
4.6,6.70879,0.029699999999999997,pH
4.8,6.71357,0.03024,pH
5,6.714119999999999,0.02618,pH
5.2,6.71469,0.03508,pH
5.4,6.72356,0.03515,pH
5.6,6.72676,0.03652,pH
5.8,6.73038,0.025159999999999995,pH
6,6.71385,0.02968,pH
6.2,6.74087,0.02528,pH
6.4,6.73046,0.02651,pH
6.6,6.724049999999999,0.03432,pH
6.8,6.73244,0.029319999999999995,pH
7,6.7322,0.02598,pH
7.2,6.73404,0.030169999999999995,pH
7.4,6.7287799999999995,0.03193,pH
7.6,6.73442,0.0351,pH
7.8,6.7352300000000005,0.030440000000000002,pH
8,6.7360500000000005,0.03168,pH
8.200000000000001,6.7325,0.03459,pH
8.4,6.74525,0.02199,pH
8.6,6.74311,0.03204,pH
8.8,6.731070000000001,0.035840000000000004,pH
9,6.736470000000001,0.026359999999999998,pH
9.200000000000001,6.71844,0.0348,pH
9.4,6.73919,0.026779999999999998,pH
9.6,6.722179999999999,0.03058,pH
9.8,6.736610000000001,0.02843,pH
10,6.73353,0.03185,pH
10.200000000000001,6.7183,0.03712,pH
10.4,6.74485,0.02635,pH
10.6,6.7181,0.033499999999999995,pH
10.8,6.71855,0.03355,pH
11,6.7264099999999996,0.027440000000000003,pH
11.2,6.72347,0.02853,pH
11.4,6.73243,0.024469999999999995,pH
11.6,6.731680000000001,0.02974,pH
11.8,6.73152,0.03163,pH
12,6.73286,0.025480000000000003,pH
12.2,6.71111,0.04316999999999999,pH
12.4,6.73318,0.03194,pH
12.6,6.743220000000001,0.02499,pH
12.8,6.731310000000001,0.028769999999999997,pH
13,6.729989999999999,0.029339999999999998,pH
13.2,6.727739999999999,0.028509999999999997,pH
13.4,6.71875,0.03173,pH
13.6,6.7279599999999995,0.029419999999999998,pH
13.8,6.731860000000001,0.0342,pH
14,6.735260000000001,0.024249999999999997,pH
14.2,6.73011,0.028799999999999996,pH
14.4,6.720559999999999,0.02757,pH
14.6,6.71603,0.027850000000000003,pH
14.8,6.7371799999999995,0.03129,pH
15,6.72349,0.03212,pH
15.2,6.720899999999999,0.0351,pH
15.4,6.730650000000001,0.02438,pH
15.6,6.73479,0.02763,pH
15.8,6.72276,0.03641,pH
16,6.71906,0.03654,pH
16.2,6.716670000000001,0.03557,pH
16.4,6.71935,0.035719999999999995,pH
16.6,6.7151,0.03181,pH
16.8,6.731860000000001,0.03549,pH
17,6.720129999999999,0.03122,pH
17.2,6.727529999999999,0.0292,pH
17.4,6.73614,0.022630000000000004,pH
17.6,6.72633,0.02607,pH
17.8,6.72725,0.03024,pH
18,6.72037,0.03335,pH
18.2,6.727149999999999,0.03053,pH
18.4,6.714899999999999,0.03235,pH
18.6,6.71001,0.03679,pH
18.8,6.72821,0.0386,pH
19,6.73305,0.024949999999999996,pH
19.2,6.724979999999999,0.03042,pH
19.4,6.740640000000001,0.03203000000000001,pH
19.6,6.72614,0.03151,pH
19.8,6.716260000000001,0.03186,pH
20,6.717139999999999,0.03192,pH
20.2,6.72942,0.02791,pH
20.4,6.72376,0.02968,pH
20.6,6.72994,0.028689999999999997,pH
20.8,6.71777,0.03199,pH
21,6.71162,0.030769999999999995,pH
21.2,6.7063500000000005,0.03424,pH
21.4,6.72086,0.0329,pH
21.6,6.71509,0.03067,pH
21.8,6.725149999999999,0.029840000000000002,pH
22,6.72077,0.02804,pH
22.2,6.7186,0.03455,pH
22.4,6.71001,0.03465,pH
22.6,6.71904,0.029159999999999995,pH
22.8,6.72121,0.029699999999999997,pH
23,6.71838,0.03581,pH
23.2,6.71805,0.03136,pH
23.4,6.717969999999999,0.03282,pH
23.6,6.72373,0.03462,pH
23.8,6.70956,0.02965,pH
24,6.717529999999999,0.03138,pH
