cycle_id,time,replicate,n2_production,conditioning_stage
1,8.33333e-4,X2,0,Early legacy establishment
1,8.33333e-4,X3,0,Early legacy establishment
1,8.33333e-4,X4,0,Early legacy establishment
1,8.33333e-4,X5,0,Early legacy establishment
1,8.33333e-4,X6,0,Early legacy establishment
1,2.344722222,X2,0.16824202000000002,Early legacy establishment
1,2.344722222,X3,5.385079999999999e-4,Early legacy establishment
1,2.344722222,X4,0.07157464000000002,Early legacy establishment
1,2.344722222,X5,0.23961535200000003,Early legacy establishment
1,2.344722222,X6,0.039093725,Early legacy establishment
1,4.680277778,X2,0.22806415500000002,Early legacy establishment
1,4.680277778,X3,-0.01316052,Early legacy establishment
1,4.680277778,X4,0.20515433800000002,Early legacy establishment
1,4.680277778,X5,0.20570216400000002,Early legacy establishment
1,4.680277778,X6,0.29397015000000004,Early legacy establishment
1,7.015555555999998,X2,0.280443372,Early legacy establishment
1,7.015555555999998,X3,0.037211801,Early legacy establishment
1,7.015555555999998,X4,0.11277300000000001,Early legacy establishment
1,7.015555555999998,X5,0.363687632,Early legacy establishment
1,7.015555555999998,X6,0.6002108489999999,Early legacy establishment
1,8.673055556000001,X2,0.254753187,Early legacy establishment
1,8.673055556000001,X3,0.10116005000000002,Early legacy establishment
1,8.673055556000001,X4,0.09476566700000001,Early legacy establishment
1,8.673055556000001,X5,0.21471895400000005,Early legacy establishment
1,8.673055556000001,X6,0.668219296,Early legacy establishment
1,10.359444440000003,X2,0.5492459300000001,Early legacy establishment
1,10.359444440000003,X3,0.35552568900000003,Early legacy establishment
1,10.359444440000003,X4,0.11226054400000002,Early legacy establishment
1,10.359444440000003,X5,0.24581794300000004,Early legacy establishment
1,10.359444440000003,X6,0.7894668009999998,Early legacy establishment
1,12.046944439999999,X2,0.5932709279999999,Early legacy establishment
1,12.046944439999999,X3,0.11687980599999999,Early legacy establishment
1,12.046944439999999,X4,0.19118172499999997,Early legacy establishment
1,12.046944439999999,X5,0.343667695,Early legacy establishment
1,12.046944439999999,X6,1.3427532610000001,Early legacy establishment
1,13.73388889,X2,0.7261423989999999,Early legacy establishment
1,13.73388889,X3,0.200081125,Early legacy establishment
1,13.73388889,X4,0.38997939100000006,Early legacy establishment
1,13.73388889,X5,0.29857193200000004,Early legacy establishment
1,13.73388889,X6,1.814938513,Early legacy establishment
1,15.42083333,X2,0.868056625,Early legacy establishment
1,15.42083333,X3,0.37988526400000006,Early legacy establishment
1,15.42083333,X4,0.385239609,Early legacy establishment
1,15.42083333,X5,0.48703666000000007,Early legacy establishment
1,15.42083333,X6,2.22940656,Early legacy establishment
1,17.108055560000004,X2,1.2078547009999998,Early legacy establishment
1,17.108055560000004,X3,0.5181139049999999,Early legacy establishment
1,17.108055560000004,X4,0.559274114,Early legacy establishment
1,17.108055560000004,X5,0.7909129699999998,Early legacy establishment
1,17.108055560000004,X6,3.427754492,Early legacy establishment
1,18.794722219999997,X2,1.74244789,Early legacy establishment
1,18.794722219999997,X3,0.511520074,Early legacy establishment
1,18.794722219999997,X4,0.7912003659999999,Early legacy establishment
1,18.794722219999997,X5,1.538949128,Early legacy establishment
1,18.794722219999997,X6,4.160998202999999,Early legacy establishment
1,20.481666669999996,X2,2.2622315500000005,Early legacy establishment
1,20.481666669999996,X3,1.460510089,Early legacy establishment
1,20.481666669999996,X4,1.262064189,Early legacy establishment
1,20.481666669999996,X5,2.608892198,Early legacy establishment
1,20.481666669999996,X6,5.418463899000001,Early legacy establishment
1,22.168055560000003,X2,3.0846246760000002,Early legacy establishment
1,22.168055560000003,X3,2.199597213,Early legacy establishment
1,22.168055560000003,X4,1.631607953,Early legacy establishment
1,22.168055560000003,X5,3.4733366400000003,Early legacy establishment
1,22.168055560000003,X6,6.541187789,Early legacy establishment
1,23.849722219999997,X2,3.9355598349999994,Early legacy establishment
1,23.849722219999997,X3,3.1243836490000003,Early legacy establishment
1,23.849722219999997,X4,2.761265307,Early legacy establishment
1,23.849722219999997,X5,4.412406694,Early legacy establishment
1,23.849722219999997,X6,7.336019714000001,Early legacy establishment
1,25.533888890000004,X2,4.7745086699999995,Early legacy establishment
1,25.533888890000004,X3,4.034896971999999,Early legacy establishment
1,25.533888890000004,X4,3.6422550739999995,Early legacy establishment
1,25.533888890000004,X5,5.117489148999999,Early legacy establishment
1,25.533888890000004,X6,7.415976315999999,Early legacy establishment
1,27.22027778,X2,5.595986961999999,Early legacy establishment
1,27.22027778,X3,4.985816005,Early legacy establishment
1,27.22027778,X4,4.062535996999999,Early legacy establishment
1,27.22027778,X5,6.071352544000001,Early legacy establishment
1,27.22027778,X6,7.3549701559999985,Early legacy establishment
1,28.90777778,X2,6.376513255999999,Early legacy establishment
1,28.90777778,X3,5.888455770999999,Early legacy establishment
1,28.90777778,X4,5.318104817999998,Early legacy establishment
1,28.90777778,X5,6.323374561999999,Early legacy establishment
1,28.90777778,X6,7.504799349,Early legacy establishment
1,30.595,X2,7.156605270999999,Early legacy establishment
1,30.595,X3,6.900073433000001,Early legacy establishment
1,30.595,X4,6.030366618,Early legacy establishment
1,30.595,X5,6.630488337999999,Early legacy establishment
1,30.595,X6,7.562740172,Early legacy establishment
1,32.281111110000005,X2,7.280490762,Early legacy establishment
1,32.281111110000005,X3,7.16546393,Early legacy establishment
1,32.281111110000005,X4,6.6469110119999995,Early legacy establishment
1,32.281111110000005,X5,6.631028918,Early legacy establishment
1,32.281111110000005,X6,7.434223407000001,Early legacy establishment
1,33.968333330000014,X2,7.59886327,Early legacy establishment
1,33.968333330000014,X3,7.188516481,Early legacy establishment
1,33.968333330000014,X4,6.810758222,Early legacy establishment
1,33.968333330000014,X5,6.866550550999999,Early legacy establishment
1,33.968333330000014,X6,7.434223407000001,Early legacy establishment
2,5.55556e-4,X8,0,Early legacy establishment
2,5.55556e-4,X9,0,Early legacy establishment
2,5.55556e-4,X10,0,Early legacy establishment
2,5.55556e-4,X11,0,Early legacy establishment
2,5.55556e-4,X12,0,Early legacy establishment
2,2.3361111109999997,X8,0.21666935800000003,Early legacy establishment
2,2.3361111109999997,X9,0.223774795,Early legacy establishment
2,2.3361111109999997,X10,0.08150803599999999,Early legacy establishment
2,2.3361111109999997,X11,0.31065534199999995,Early legacy establishment
2,2.3361111109999997,X12,0.06445941099999998,Early legacy establishment
2,4.670277778,X8,0.5331208720000001,Early legacy establishment
2,4.670277778,X9,0.372840324,Early legacy establishment
2,4.670277778,X10,0.35628807,Early legacy establishment
2,4.670277778,X11,0.794761834,Early legacy establishment
2,4.670277778,X12,0.066375715,Early legacy establishment
2,7.006388889,X8,0.9905527149999999,Early legacy establishment
2,7.006388889,X9,0.9698564669999999,Early legacy establishment
2,7.006388889,X10,0.927936007,Early legacy establishment
2,7.006388889,X11,1.1802583500000001,Early legacy establishment
2,7.006388889,X12,0.28739764500000003,Early legacy establishment
2,8.907222222,X8,1.371698401,Early legacy establishment
2,8.907222222,X9,1.2729908189999999,Early legacy establishment
2,8.907222222,X10,1.5569115169999999,Early legacy establishment
2,8.907222222,X11,1.6881715730000002,Early legacy establishment
2,8.907222222,X12,0.9775543449999998,Early legacy establishment
2,10.59444444,X8,1.998010606,Early legacy establishment
2,10.59444444,X9,1.778808972,Early legacy establishment
2,10.59444444,X10,2.540169821,Early legacy establishment
2,10.59444444,X11,2.5064212770000003,Early legacy establishment
2,10.59444444,X12,1.7343922919999997,Early legacy establishment
2,12.281111109999998,X8,2.7287597960000003,Early legacy establishment
2,12.281111109999998,X9,2.6258147820000004,Early legacy establishment
2,12.281111109999998,X10,3.145276819,Early legacy establishment
2,12.281111109999998,X11,2.942761158,Early legacy establishment
2,12.281111109999998,X12,2.4628413869999997,Early legacy establishment
2,13.96805556,X8,3.4462849829999995,Early legacy establishment
2,13.96805556,X9,3.532453698999999,Early legacy establishment
2,13.96805556,X10,3.3522687309999992,Early legacy establishment
2,13.96805556,X11,3.694251026,Early legacy establishment
2,13.96805556,X12,3.2091669520000004,Early legacy establishment
2,15.655000000000001,X8,3.747600313,Early legacy establishment
2,15.655000000000001,X9,3.9021482699999996,Early legacy establishment
2,15.655000000000001,X10,3.3314638309999993,Early legacy establishment
2,15.655000000000001,X11,3.820560912,Early legacy establishment
2,15.655000000000001,X12,3.6238239410000004,Early legacy establishment
2,17.34166667,X8,4.017375809999999,Early legacy establishment
2,17.34166667,X9,3.713480107,Early legacy establishment
2,17.34166667,X10,3.431338555,Early legacy establishment
2,17.34166667,X11,3.751827215,Early legacy establishment
2,17.34166667,X12,3.8052558819999995,Early legacy establishment
2,19.029722219999996,X8,4.045696718,Early legacy establishment
2,19.029722219999996,X9,3.9445338550000004,Early legacy establishment
2,19.029722219999996,X10,3.3901570480000003,Early legacy establishment
2,19.029722219999996,X11,3.8473388820000003,Early legacy establishment
2,19.029722219999996,X12,3.6830338010000006,Early legacy establishment
2,20.71666667,X8,3.940377214,Early legacy establishment
2,20.71666667,X9,3.9521977480000006,Early legacy establishment
2,20.71666667,X10,3.3676938229999998,Early legacy establishment
2,20.71666667,X11,3.839909128999999,Early legacy establishment
2,20.71666667,X12,3.8016416779999997,Early legacy establishment
2,22.40361111,X8,4.125288532999999,Early legacy establishment
2,22.40361111,X9,3.929916527,Early legacy establishment
2,22.40361111,X10,3.5172812720000004,Early legacy establishment
2,22.40361111,X11,4.020608735000001,Early legacy establishment
2,22.40361111,X12,3.9740159879999997,Early legacy establishment
2,24.090555560000002,X8,4.188789687,Early legacy establishment
2,24.090555560000002,X9,4.093910682,Early legacy establishment
2,24.090555560000002,X10,3.609740525,Early legacy establishment
2,24.090555560000002,X11,4.124980278999997,Early legacy establishment
2,24.090555560000002,X12,4.058202545,Early legacy establishment
2,25.776666669999997,X8,4.400989825,Early legacy establishment
2,25.776666669999997,X9,4.159877735999999,Early legacy establishment
2,25.776666669999997,X10,3.6398811389999994,Early legacy establishment
2,25.776666669999997,X11,4.042109213,Early legacy establishment
2,25.776666669999997,X12,4.122343912,Early legacy establishment
2,27.465277779999997,X8,4.264456257999998,Early legacy establishment
2,27.465277779999997,X9,4.063493702000001,Early legacy establishment
2,27.465277779999997,X10,3.4761723399999997,Early legacy establishment
2,27.465277779999997,X11,4.16328311,Early legacy establishment
2,27.465277779999997,X12,4.122343912,Early legacy establishment
3,5.55556e-4,X14,0,Early legacy establishment
3,5.55556e-4,X15,0,Early legacy establishment
3,5.55556e-4,X16,0,Early legacy establishment
3,5.55556e-4,X17,0,Early legacy establishment
3,5.55556e-4,X18,0,Early legacy establishment
3,2.335833332999999,X14,0.4233180910000001,Early legacy establishment
3,2.335833332999999,X15,0.466779349,Early legacy establishment
3,2.335833332999999,X16,0.294923052,Early legacy establishment
3,2.335833332999999,X17,0.21864030100000004,Early legacy establishment
3,2.335833332999999,X18,0.6813467599999998,Early legacy establishment
3,4.671111111,X14,0.882442552,Early legacy establishment
3,4.671111111,X15,1.084638727,Early legacy establishment
3,4.671111111,X16,0.7817196089999999,Early legacy establishment
3,4.671111111,X17,0.25750499300000007,Early legacy establishment
3,4.671111111,X18,0.9638723799999999,Early legacy establishment
3,6.430555555999999,X14,1.4119640649999996,Early legacy establishment
3,6.430555555999999,X15,1.471932925,Early legacy establishment
3,6.430555555999999,X16,1.2660266189999998,Early legacy establishment
3,6.430555555999999,X17,0.619929095,Early legacy establishment
3,6.430555555999999,X18,1.1114179390000003,Early legacy establishment
3,8.117222221999999,X14,2.185879144,Early legacy establishment
3,8.117222221999999,X15,2.0312925039999996,Early legacy establishment
3,8.117222221999999,X16,1.9419540059999998,Early legacy establishment
3,8.117222221999999,X17,1.2156467019999997,Early legacy establishment
3,8.117222221999999,X18,1.230518709,Early legacy establishment
3,9.804722222,X14,2.3218071429999996,Early legacy establishment
3,9.804722222,X15,2.27290884,Early legacy establishment
3,9.804722222,X16,2.422139437,Early legacy establishment
3,9.804722222,X17,1.5843099969999999,Early legacy establishment
3,9.804722222,X18,1.4789742859999997,Early legacy establishment
3,11.49138889,X14,2.6781317990000004,Early legacy establishment
3,11.49138889,X15,2.590080715,Early legacy establishment
3,11.49138889,X16,2.663605234,Early legacy establishment
3,11.49138889,X17,1.708890961,Early legacy establishment
3,11.49138889,X18,1.5289224499999998,Early legacy establishment
3,13.17833333,X14,2.9299538029999996,Early legacy establishment
3,13.17833333,X15,2.4444690039999997,Early legacy establishment
3,13.17833333,X16,2.636138366,Early legacy establishment
3,13.17833333,X17,1.687214679,Early legacy establishment
3,13.17833333,X18,1.6726112240000002,Early legacy establishment
3,14.861666670000002,X14,2.8251461049999995,Early legacy establishment
3,14.861666670000002,X15,2.6894112000000003,Early legacy establishment
3,14.861666670000002,X16,2.6560241739999997,Early legacy establishment
3,14.861666670000002,X17,1.6482173100000002,Early legacy establishment
3,14.861666670000002,X18,1.6960908040000002,Early legacy establishment
4,1.384722222,X20,0,Trajectory stabilization
4,1.384722222,X21,0,Trajectory stabilization
4,1.384722222,X22,0,Trajectory stabilization
4,1.384722222,X23,0,Trajectory stabilization
4,1.384722222,X24,0,Trajectory stabilization
4,3.7202777780000007,X20,0.6108756470000001,Trajectory stabilization
4,3.7202777780000007,X21,0.6852349589999999,Trajectory stabilization
4,3.7202777780000007,X22,0.72015223,Trajectory stabilization
4,3.7202777780000007,X23,0.4104166690000001,Trajectory stabilization
4,3.7202777780000007,X24,0.263763019,Trajectory stabilization
4,4.386388889,X20,0.7475606949999999,Trajectory stabilization
4,4.386388889,X21,0.8910427989999999,Trajectory stabilization
4,4.386388889,X22,0.771834094,Trajectory stabilization
4,4.386388889,X23,0.739171103,Trajectory stabilization
4,4.386388889,X24,0.30841480500000007,Trajectory stabilization
4,6.073055555999999,X20,1.4800922879999998,Trajectory stabilization
4,6.073055555999999,X21,1.4864207479999998,Trajectory stabilization
4,6.073055555999999,X22,1.4355479640000002,Trajectory stabilization
4,6.073055555999999,X23,1.3150919589999999,Trajectory stabilization
4,6.073055555999999,X24,0.951119723,Trajectory stabilization
4,7.759722222000001,X20,1.9070538849999998,Trajectory stabilization
4,7.759722222000001,X21,1.742500106,Trajectory stabilization
4,7.759722222000001,X22,2.032868338999999,Trajectory stabilization
4,7.759722222000001,X23,1.8654767799999998,Trajectory stabilization
4,7.759722222000001,X24,1.659407102,Trajectory stabilization
4,9.445555556000002,X20,2.0908756059999996,Trajectory stabilization
4,9.445555556000002,X21,1.8391496139999999,Trajectory stabilization
4,9.445555556000002,X22,2.301906782,Trajectory stabilization
4,9.445555556000002,X23,2.0664104439999997,Trajectory stabilization
4,9.445555556000002,X24,2.2873664970000003,Trajectory stabilization
4,11.1325,X20,2.3574674969999996,Trajectory stabilization
4,11.1325,X21,1.913285239,Trajectory stabilization
4,11.1325,X22,2.4767866279999997,Trajectory stabilization
4,11.1325,X23,2.198371964,Trajectory stabilization
4,11.1325,X24,2.9117418299999995,Trajectory stabilization
4,12.819444440000002,X20,2.5156114039999995,Trajectory stabilization
4,12.819444440000002,X21,1.9331762509999997,Trajectory stabilization
4,12.819444440000002,X22,2.4909299099999997,Trajectory stabilization
4,12.819444440000002,X23,2.21047172,Trajectory stabilization
4,12.819444440000002,X24,3.1190171249999996,Trajectory stabilization
4,14.506111109999999,X20,2.7667250720000003,Trajectory stabilization
4,14.506111109999999,X21,1.9545834579999999,Trajectory stabilization
4,14.506111109999999,X22,2.437964662,Trajectory stabilization
4,14.506111109999999,X23,2.144716621,Trajectory stabilization
4,14.506111109999999,X24,3.200493699,Trajectory stabilization
4,16.19277778,X20,2.726104073,Trajectory stabilization
4,16.19277778,X21,2.007246307,Trajectory stabilization
4,16.19277778,X22,2.4395580269999995,Trajectory stabilization
4,16.19277778,X23,2.321810749,Trajectory stabilization
4,16.19277778,X24,3.210090531,Trajectory stabilization
5,5.55556e-4,X26,0,Trajectory stabilization
5,5.55556e-4,X27,0,Trajectory stabilization
5,5.55556e-4,X28,0,Trajectory stabilization
5,5.55556e-4,X29,0,Trajectory stabilization
5,5.55556e-4,X30,0,Trajectory stabilization
5,2.3349999999999995,X26,0.18840947100000002,Trajectory stabilization
5,2.3349999999999995,X27,0.36610498300000005,Trajectory stabilization
5,2.3349999999999995,X28,0.41458001600000005,Trajectory stabilization
5,2.3349999999999995,X29,2.086717104,Trajectory stabilization
5,2.3349999999999995,X30,0.41994752900000004,Trajectory stabilization
5,4.532222222000001,X26,1.010709503,Trajectory stabilization
5,4.532222222000001,X27,1.5810538200000002,Trajectory stabilization
5,4.532222222000001,X28,1.2246022099999998,Trajectory stabilization
5,4.532222222000001,X29,3.0410767020000002,Trajectory stabilization
5,4.532222222000001,X30,1.4417754839999999,Trajectory stabilization
5,6.218888889,X26,1.7152641549999996,Trajectory stabilization
5,6.218888889,X27,2.2501616220000002,Trajectory stabilization
5,6.218888889,X28,2.056119655,Trajectory stabilization
5,6.218888889,X29,3.651355592,Trajectory stabilization
5,6.218888889,X30,1.969640814,Trajectory stabilization
5,7.905833333,X26,2.259987463,Trajectory stabilization
5,7.905833333,X27,2.6556289009999996,Trajectory stabilization
5,7.905833333,X28,2.3939297120000003,Trajectory stabilization
5,7.905833333,X29,4.0772979970000005,Trajectory stabilization
5,7.905833333,X30,2.285357453,Trajectory stabilization
5,9.592500000000001,X26,2.381630108,Trajectory stabilization
5,9.592500000000001,X27,2.95396854,Trajectory stabilization
5,9.592500000000001,X28,2.5224710470000002,Trajectory stabilization
5,9.592500000000001,X29,4.349158411,Trajectory stabilization
5,9.592500000000001,X30,2.548028517,Trajectory stabilization
5,11.27944444,X26,2.4976066289999994,Trajectory stabilization
5,11.27944444,X27,2.9889094839999997,Trajectory stabilization
5,11.27944444,X28,2.659077736,Trajectory stabilization
5,11.27944444,X29,4.430350551,Trajectory stabilization
5,11.27944444,X30,2.5625154279999998,Trajectory stabilization
5,12.966388890000001,X26,2.516250635999999,Trajectory stabilization
5,12.966388890000001,X27,3.0414754289999992,Trajectory stabilization
5,12.966388890000001,X28,2.6159745620000003,Trajectory stabilization
5,12.966388890000001,X29,4.628126088999999,Trajectory stabilization
5,12.966388890000001,X30,2.6052631259999997,Trajectory stabilization
5,14.65277778,X26,2.598930385,Trajectory stabilization
5,14.65277778,X27,3.17519683,Trajectory stabilization
5,14.65277778,X28,2.7392499869999996,Trajectory stabilization
5,14.65277778,X29,4.752685102,Trajectory stabilization
5,14.65277778,X30,2.714212256,Trajectory stabilization
5,16.33972222,X26,2.654580889,Trajectory stabilization
5,16.33972222,X27,3.4402525099999997,Trajectory stabilization
5,16.33972222,X28,2.6794635799999997,Trajectory stabilization
5,16.33972222,X29,4.625687924999999,Trajectory stabilization
5,16.33972222,X30,2.823159467,Trajectory stabilization
8,0.7780555560000001,X32,0,Trajectory stabilization
8,0.7780555560000001,X33,0,Trajectory stabilization
8,0.7780555560000001,X34,0,Trajectory stabilization
8,0.7780555560000001,X35,0,Trajectory stabilization
8,0.7780555560000001,X36,0,Trajectory stabilization
8,3.5949999999999998,X32,0.425050236,Trajectory stabilization
8,3.5949999999999998,X33,0.9539736080000001,Trajectory stabilization
8,3.5949999999999998,X34,0.96778349,Trajectory stabilization
8,3.5949999999999998,X35,0.9303,Trajectory stabilization
8,3.5949999999999998,X36,1.030328739,Trajectory stabilization
8,5.174444444,X32,0.6530350580000001,Trajectory stabilization
8,5.174444444,X33,1.3480064330000001,Trajectory stabilization
8,5.174444444,X34,1.475632334,Trajectory stabilization
8,5.174444444,X35,1.2319159999999998,Trajectory stabilization
8,5.174444444,X36,1.2201719169999998,Trajectory stabilization
8,6.7533333330000005,X32,0.9649613859999999,Trajectory stabilization
8,6.7533333330000005,X33,1.6298523010000001,Trajectory stabilization
8,6.7533333330000005,X34,1.371685483,Trajectory stabilization
8,6.7533333330000005,X35,1.7262,Trajectory stabilization
8,6.7533333330000005,X36,1.6242163740000002,Trajectory stabilization
8,8.332500000000001,X32,0.934987451,Trajectory stabilization
8,8.332500000000001,X33,1.5748634919999998,Trajectory stabilization
8,8.332500000000001,X34,1.5089958529999998,Trajectory stabilization
8,8.332500000000001,X35,1.5051309999999998,Trajectory stabilization
8,8.332500000000001,X36,1.5670555130000001,Trajectory stabilization
10,0.538888889,X38,0,Persistent anoxic memory
10,0.538888889,X39,0,Persistent anoxic memory
10,0.538888889,X40,0,Persistent anoxic memory
10,0.538888889,X41,0,Persistent anoxic memory
10,0.538888889,X42,0,Persistent anoxic memory
10,2.4522222219999996,X38,0.6802325349999998,Persistent anoxic memory
10,2.4522222219999996,X39,0.7856325519999999,Persistent anoxic memory
10,2.4522222219999996,X40,0.815254665,Persistent anoxic memory
10,2.4522222219999996,X41,1.316847679,Persistent anoxic memory
10,2.4522222219999996,X42,0.8556373920000001,Persistent anoxic memory
10,3.6752777780000003,X38,1.119343033,Persistent anoxic memory
10,3.6752777780000003,X39,1.383487214,Persistent anoxic memory
10,3.6752777780000003,X40,1.3261913559999998,Persistent anoxic memory
10,3.6752777780000003,X41,1.7394921559999998,Persistent anoxic memory
10,3.6752777780000003,X42,1.3175420260000001,Persistent anoxic memory
10,4.860555555999998,X38,1.4732938509999998,Persistent anoxic memory
10,4.860555555999998,X39,1.7703345499999998,Persistent anoxic memory
10,4.860555555999998,X40,1.7466282089999998,Persistent anoxic memory
10,4.860555555999998,X41,2.0313553129999993,Persistent anoxic memory
10,4.860555555999998,X42,1.645179466,Persistent anoxic memory
10,6.046111111,X38,1.7548296409999997,Persistent anoxic memory
10,6.046111111,X39,2.021181299,Persistent anoxic memory
10,6.046111111,X40,1.9892630089999999,Persistent anoxic memory
10,6.046111111,X41,2.210493269,Persistent anoxic memory
10,6.046111111,X42,1.8890536230000001,Persistent anoxic memory
10,7.232222222000001,X38,1.9406209989999998,Persistent anoxic memory
10,7.232222222000001,X39,-0.9426028670000001,Persistent anoxic memory
10,7.232222222000001,X40,2.176116519,Persistent anoxic memory
10,7.232222222000001,X41,2.3341331309999998,Persistent anoxic memory
10,7.232222222000001,X42,2.069438826,Persistent anoxic memory
10,8.418055556,X38,2.082908356,Persistent anoxic memory
10,8.418055556,X39,2.1568180569999997,Persistent anoxic memory
10,8.418055556,X40,2.2279567370000004,Persistent anoxic memory
10,8.418055556,X41,2.4086026219999996,Persistent anoxic memory
10,8.418055556,X42,2.173807967,Persistent anoxic memory
10,9.603611111,X38,2.2070444680000003,Persistent anoxic memory
10,9.603611111,X39,2.205432394,Persistent anoxic memory
10,9.603611111,X40,2.295509902,Persistent anoxic memory
10,9.603611111,X41,2.4648226029999996,Persistent anoxic memory
10,9.603611111,X42,2.2479133260000004,Persistent anoxic memory
10,10.78972222,X38,2.3161827299999995,Persistent anoxic memory
10,10.78972222,X39,2.250510924,Persistent anoxic memory
10,10.78972222,X40,2.3382823739999994,Persistent anoxic memory
10,10.78972222,X41,2.5080668139999998,Persistent anoxic memory
10,10.78972222,X42,2.294421159,Persistent anoxic memory
10,11.975555560000002,X38,2.4309801239999995,Persistent anoxic memory
10,11.975555560000002,X39,2.286716589,Persistent anoxic memory
10,11.975555560000002,X40,2.3685747750000004,Persistent anoxic memory
10,11.975555560000002,X41,2.545180074,Persistent anoxic memory
10,11.975555560000002,X42,2.338994854,Persistent anoxic memory
10,13.161111109999998,X38,2.530967456,Persistent anoxic memory
10,13.161111109999998,X39,2.305436802,Persistent anoxic memory
10,13.161111109999998,X40,2.3881916010000004,Persistent anoxic memory
10,13.161111109999998,X41,2.592857552,Persistent anoxic memory
10,13.161111109999998,X42,2.347266527,Persistent anoxic memory
10,14.34638889,X38,2.61161755,Persistent anoxic memory
10,14.34638889,X39,2.3075486789999995,Persistent anoxic memory
10,14.34638889,X40,2.398888745,Persistent anoxic memory
10,14.34638889,X41,2.6226404689999994,Persistent anoxic memory
10,14.34638889,X42,2.361089942,Persistent anoxic memory
10,15.5325,X38,2.6901683939999996,Persistent anoxic memory
10,15.5325,X39,2.3046486999999996,Persistent anoxic memory
10,15.5325,X40,2.4278068680000002,Persistent anoxic memory
10,15.5325,X41,2.6512843299999997,Persistent anoxic memory
10,15.5325,X42,2.377689581,Persistent anoxic memory
10,16.718055560000003,X38,2.732621669,Persistent anoxic memory
10,16.718055560000003,X39,2.2979721680000003,Persistent anoxic memory
10,16.718055560000003,X40,2.402067098,Persistent anoxic memory
10,16.718055560000003,X41,2.6824102470000004,Persistent anoxic memory
10,16.718055560000003,X42,2.396845497999999,Persistent anoxic memory
10,17.90388889,X38,2.790913015,Persistent anoxic memory
10,17.90388889,X39,2.251573501,Persistent anoxic memory
10,17.90388889,X40,2.435266432999999,Persistent anoxic memory
10,17.90388889,X41,2.7084852480000006,Persistent anoxic memory
10,17.90388889,X42,2.351667435999999,Persistent anoxic memory
10,19.089444439999998,X38,2.8158003469999997,Persistent anoxic memory
10,19.089444439999998,X39,2.248519939,Persistent anoxic memory
10,19.089444439999998,X40,2.3797468539999995,Persistent anoxic memory
10,19.089444439999998,X41,2.7484914600000003,Persistent anoxic memory
10,19.089444439999998,X42,2.3605423289999994,Persistent anoxic memory
11,0.323333333,X44,0,Persistent anoxic memory
11,0.323333333,X45,0,Persistent anoxic memory
11,0.323333333,X46,0,Persistent anoxic memory
11,1.481111111,X44,0.8981169699999999,Persistent anoxic memory
11,1.481111111,X45,0.5419288380000001,Persistent anoxic memory
11,1.481111111,X46,0.753933503,Persistent anoxic memory
11,2.655555556,X44,1.390937618,Persistent anoxic memory
11,2.655555556,X45,0.9138004000000001,Persistent anoxic memory
11,2.655555556,X46,1.328396703,Persistent anoxic memory
11,3.0072222220000002,X44,1.572858203,Persistent anoxic memory
11,3.0072222220000002,X45,1.146124158,Persistent anoxic memory
11,3.0072222220000002,X46,1.547727431,Persistent anoxic memory
11,3.861111111,X44,2.000667289,Persistent anoxic memory
11,3.861111111,X45,1.3805551980000001,Persistent anoxic memory
11,3.861111111,X46,2.1438628420000003,Persistent anoxic memory
11,4.2005555559999985,X44,2.33930471,Persistent anoxic memory
11,4.2005555559999985,X45,1.5137106819999997,Persistent anoxic memory
11,4.2005555559999985,X46,2.4310480679999995,Persistent anoxic memory
11,5.055,X44,2.6742492229999995,Persistent anoxic memory
11,5.055,X45,1.780144329,Persistent anoxic memory
11,5.055,X46,2.7207139020000004,Persistent anoxic memory
11,6.831388889,X44,3.2123124279999997,Persistent anoxic memory
11,6.831388889,X45,2.2471532650000006,Persistent anoxic memory
11,6.831388889,X46,3.524142875,Persistent anoxic memory
11,7.703333333000001,X44,3.3905915620000004,Persistent anoxic memory
11,7.703333333000001,X45,2.485340816,Persistent anoxic memory
11,7.703333333000001,X46,3.914917646,Persistent anoxic memory
12,0.43111111100000005,X49,0,Persistent anoxic memory
12,0.43111111100000005,X50,0,Persistent anoxic memory
12,1.9397222219999997,X48,0.19790058500000002,Persistent anoxic memory
12,1.9397222219999997,X49,0.096108063999999993,Persistent anoxic memory
12,1.9397222219999997,X50,0.059101035,Persistent anoxic memory
12,3.448333333,X48,0.3593783670000001,Persistent anoxic memory
12,3.448333333,X49,0.12641441300000003,Persistent anoxic memory
12,3.448333333,X50,0.10197846899999999,Persistent anoxic memory
12,4.957222222,X48,0.5529981180000001,Persistent anoxic memory
12,4.957222222,X49,0.179783551,Persistent anoxic memory
12,4.957222222,X50,0.12069921900000001,Persistent anoxic memory
12,6.465833333,X48,0.766235106,Persistent anoxic memory
12,6.465833333,X49,0.18974984400000003,Persistent anoxic memory
12,6.465833333,X50,0.13299955600000002,Persistent anoxic memory
12,7.9747222220000005,X48,1.0068320819999999,Persistent anoxic memory
12,7.9747222220000005,X49,0.203975553,Persistent anoxic memory
12,7.9747222220000005,X50,0.1626369,Persistent anoxic memory
12,9.482777778,X48,1.3787835670000002,Persistent anoxic memory
12,9.482777778,X49,0.203124705,Persistent anoxic memory
12,9.482777778,X50,0.15504037900000003,Persistent anoxic memory
12,10.99194444,X48,1.816669546,Persistent anoxic memory
12,10.99194444,X49,0.24046937800000004,Persistent anoxic memory
12,10.99194444,X50,0.189545929,Persistent anoxic memory
12,12.50055556,X48,2.319095541,Persistent anoxic memory
12,12.50055556,X49,0.25571471300000004,Persistent anoxic memory
12,12.50055556,X50,0.21841040500000006,Persistent anoxic memory
12,14.009444440000001,X48,2.863131250000001,Persistent anoxic memory
12,14.009444440000001,X49,0.2809385710000001,Persistent anoxic memory
12,14.009444440000001,X50,0.21201925200000005,Persistent anoxic memory
12,15.5175,X48,3.48999442,Persistent anoxic memory
12,15.5175,X49,0.29526766200000004,Persistent anoxic memory
12,15.5175,X50,0.27505617900000007,Persistent anoxic memory
12,17.02638889,X48,4.17002264,Persistent anoxic memory
12,17.02638889,X49,0.315435641,Persistent anoxic memory
12,17.02638889,X50,0.31481084400000003,Persistent anoxic memory
12,18.53527778,X48,4.789190229,Persistent anoxic memory
12,18.53527778,X49,0.357700903,Persistent anoxic memory
12,18.53527778,X50,0.355125359,Persistent anoxic memory
12,20.04361111,X48,5.466408235,Persistent anoxic memory
12,20.04361111,X49,0.36230981100000004,Persistent anoxic memory
12,20.04361111,X50,0.474593914,Persistent anoxic memory
12,21.552222219999997,X48,6.076760834000001,Persistent anoxic memory
12,21.552222219999997,X49,0.431736757,Persistent anoxic memory
12,21.552222219999997,X50,0.5875248949999999,Persistent anoxic memory
12,23.060833329999998,X48,6.684511974999999,Persistent anoxic memory
12,23.060833329999998,X49,0.52535119,Persistent anoxic memory
12,23.060833329999998,X50,0.6961209279999999,Persistent anoxic memory
12,24.569444439999998,X48,7.265519576999998,Persistent anoxic memory
12,24.569444439999998,X49,0.6789301749999999,Persistent anoxic memory
12,24.569444439999998,X50,0.8717902630000002,Persistent anoxic memory
12,26.078333329999996,X48,7.853716781,Persistent anoxic memory
12,26.078333329999996,X49,0.9104373089999999,Persistent anoxic memory
12,26.078333329999996,X50,1.076481451,Persistent anoxic memory
12,27.587222219999997,X48,8.159354499,Persistent anoxic memory
12,27.587222219999997,X49,1.094289238,Persistent anoxic memory
12,27.587222219999997,X50,1.2702171740000003,Persistent anoxic memory
12,29.095833329999998,X48,8.319307192,Persistent anoxic memory
12,29.095833329999998,X49,1.3681764340000002,Persistent anoxic memory
12,29.095833329999998,X50,1.498445418,Persistent anoxic memory
12,30.60444444,X48,8.386756245000003,Persistent anoxic memory
12,30.60444444,X49,1.6341559300000004,Persistent anoxic memory
12,30.60444444,X50,1.7595111369999998,Persistent anoxic memory
12,32.11361111,X48,8.456974785,Persistent anoxic memory
12,32.11361111,X49,1.9465442299999998,Persistent anoxic memory
12,32.11361111,X50,2.0100773309999997,Persistent anoxic memory
12,33.13222222000001,X48,8.456974785,Persistent anoxic memory
12,33.13222222000001,X49,2.1769315160000002,Persistent anoxic memory
12,33.13222222000001,X50,2.171186576,Persistent anoxic memory
12,34.31833333000001,X48,8.456974785,Persistent anoxic memory
12,34.31833333000001,X49,2.489077971,Persistent anoxic memory
12,34.31833333000001,X50,2.370189204,Persistent anoxic memory
12,35.50333333000001,X48,8.456974785,Persistent anoxic memory
12,35.50333333000001,X49,2.7444284199999998,Persistent anoxic memory
12,35.50333333000001,X50,2.580954198,Persistent anoxic memory
12,36.689444439999995,X48,8.456974785,Persistent anoxic memory
12,36.689444439999995,X49,3.038308762,Persistent anoxic memory
12,36.689444439999995,X50,2.8258844809999997,Persistent anoxic memory
12,37.87527778,X48,8.456974785,Persistent anoxic memory
12,37.87527778,X49,3.292952356,Persistent anoxic memory
12,37.87527778,X50,2.9956726529999993,Persistent anoxic memory
12,39.06083333000001,X48,8.456974785,Persistent anoxic memory
12,39.06083333000001,X49,3.6193920329999996,Persistent anoxic memory
12,39.06083333000001,X50,3.206971475,Persistent anoxic memory
12,40.246388890000006,X48,8.456974785,Persistent anoxic memory
12,40.246388890000006,X49,3.9167859249999992,Persistent anoxic memory
12,40.246388890000006,X50,3.428792594,Persistent anoxic memory
12,41.432500000000005,X48,8.456974785,Persistent anoxic memory
12,41.432500000000005,X49,4.257469187000001,Persistent anoxic memory
12,41.432500000000005,X50,3.6375335440000005,Persistent anoxic memory
12,42.61805556,X48,8.456974785,Persistent anoxic memory
12,42.61805556,X49,4.587863608,Persistent anoxic memory
12,42.61805556,X50,3.883115055,Persistent anoxic memory
12,43.803888889999996,X48,8.456974785,Persistent anoxic memory
12,43.803888889999996,X49,4.894514084999999,Persistent anoxic memory
12,43.803888889999996,X50,4.156943422,Persistent anoxic memory
12,44.33527778,X48,8.456974785,Persistent anoxic memory
12,44.33527778,X49,5.049560192000001,Persistent anoxic memory
12,44.33527778,X50,4.479760881000002,Persistent anoxic memory
12,46.05138889,X48,8.456974785,Persistent anoxic memory
12,46.05138889,X49,5.520532161999999,Persistent anoxic memory
12,46.05138889,X50,4.776413017,Persistent anoxic memory
12,47.715555560000006,X48,8.456974785,Persistent anoxic memory
12,47.715555560000006,X49,6.0146299469999995,Persistent anoxic memory
12,47.715555560000006,X50,4.968308594000001,Persistent anoxic memory
12,48.85777777999999,X48,8.456974785,Persistent anoxic memory
12,48.85777777999999,X49,6.255956084,Persistent anoxic memory
12,48.85777777999999,X50,5.152167778999999,Persistent anoxic memory
12,49.92250000000001,X48,8.456974785,Persistent anoxic memory
12,49.92250000000001,X49,6.561388762,Persistent anoxic memory
12,49.92250000000001,X50,5.338273529,Persistent anoxic memory
12,50.96083333000001,X48,8.456974785,Persistent anoxic memory
12,50.96083333000001,X49,6.83770347,Persistent anoxic memory
12,50.96083333000001,X50,5.594499124,Persistent anoxic memory
12,52.14611111000001,X48,8.456974785,Persistent anoxic memory
12,52.14611111000001,X49,7.20987601,Persistent anoxic memory
12,52.14611111000001,X50,5.786484119,Persistent anoxic memory
12,53.331944439999994,X48,8.456974785,Persistent anoxic memory
12,53.331944439999994,X49,7.542182953999999,Persistent anoxic memory
12,53.331944439999994,X50,5.978108201,Persistent anoxic memory
12,54.68833333000001,X48,8.456974785,Persistent anoxic memory
12,54.68833333000001,X49,7.815310181,Persistent anoxic memory
12,54.68833333000001,X50,6.171747987000001,Persistent anoxic memory
12,55.76638889000001,X48,8.456974785,Persistent anoxic memory
12,55.76638889000001,X49,8.146882337000001,Persistent anoxic memory
12,55.76638889000001,X50,6.432221755000001,Persistent anoxic memory
12,56.95277778,X48,8.456974785,Persistent anoxic memory
12,56.95277778,X49,8.303759954000002,Persistent anoxic memory
12,56.95277778,X50,6.570216255,Persistent anoxic memory
12,58.13777778,X48,8.456974785,Persistent anoxic memory
12,58.13777778,X49,8.44743548,Persistent anoxic memory
12,58.13777778,X50,6.810980174999999,Persistent anoxic memory
12,59.32361111,X48,8.456974785,Persistent anoxic memory
12,59.32361111,X49,8.507451218000002,Persistent anoxic memory
12,59.32361111,X50,7.070853743000001,Persistent anoxic memory
12,60.50972222000001,X48,8.456974785,Persistent anoxic memory
12,60.50972222000001,X49,8.402682332000003,Persistent anoxic memory
12,60.50972222000001,X50,7.185052343,Persistent anoxic memory
12,61.69583333000001,X48,8.456974785,Persistent anoxic memory
12,61.69583333000001,X49,8.438067436999999,Persistent anoxic memory
12,61.69583333000001,X50,7.293741049,Persistent anoxic memory
12,62.256111110000006,X48,8.456974785,Persistent anoxic memory
12,62.256111110000006,X49,8.510671969999999,Persistent anoxic memory
12,62.256111110000006,X50,7.434115116999999,Persistent anoxic memory
12,62.92944444,X48,8.456974785,Persistent anoxic memory
12,62.92944444,X49,8.614691641999999,Persistent anoxic memory
12,62.92944444,X50,7.637582778999999,Persistent anoxic memory
12,64.21361111,X48,8.456974785,Persistent anoxic memory
12,64.21361111,X49,8.621741451999998,Persistent anoxic memory
12,64.21361111,X50,7.807197662999999,Persistent anoxic memory
12,65.39916667000001,X48,8.456974785,Persistent anoxic memory
12,65.39916667000001,X49,8.616160008,Persistent anoxic memory
12,65.39916667000001,X50,7.930325017,Persistent anoxic memory
12,66.585,X48,8.456974785,Persistent anoxic memory
12,66.585,X49,8.706107606,Persistent anoxic memory
12,66.585,X50,7.930813861,Persistent anoxic memory
12,67.77138888999998,X48,8.456974785,Persistent anoxic memory
12,67.77138888999998,X49,8.700526147,Persistent anoxic memory
12,67.77138888999998,X50,7.967362713000001,Persistent anoxic memory
12,68.95666667000002,X48,8.456974785,Persistent anoxic memory
12,68.95666667000002,X49,8.790473755999999,Persistent anoxic memory
12,68.95666667000002,X50,8.010997530000001,Persistent anoxic memory
12,70.14277777999999,X48,8.456974785,Persistent anoxic memory
12,70.14277777999999,X49,8.784892302,Persistent anoxic memory
12,70.14277777999999,X50,8.010997530000001,Persistent anoxic memory
